attack_id,country,industry,attack_type,year,financial_loss,records_stolen
1,United Kingdom,Healthcare,Supply Chain Attack,2022,2.61,12930198
2,United States,Education,Credential Stuffing,2024,14.05,18194507
3,China,Education,SQL Injection,2018,6.43,20124842
4,China,Retail,Zero-Day Exploit,2022,4.61,37032515
5,Germany,Education,Ransomware,2019,1.26,46374547
6,United Kingdom,Finance,Insider Threat,2022,1.26,24886390
7,Canada,Retail,Supply Chain Attack,2024,0.77,16615607
8,United States,Energy,Data Breach,2022,9.55,44129534
9,Russia,Telecommunications,Data Breach,2024,4.64,32881304
10,United States,Healthcare,Ransomware,2021,6.04,42990286
11,United States,Healthcare,Data Breach,2022,0.59,26368456
12,Russia,Retail,Supply Chain Attack,2022,16.27,47989651
13,United States,Healthcare,Phishing,2015,8.54,16310814
14,United States,Technology,Ransomware,2023,1.57,36547752
15,United Kingdom,Technology,Ransomware,2019,1.4,42703470
16,India,Telecommunications,Data Breach,2015,1.41,36487410
17,China,Government,SQL Injection,2020,2.13,36385059
18,India,Finance,DDoS,2020,3.85,39727581
19,Brazil,Education,Phishing,2022,3.04,23591592
20,United States,Retail,Man-in-the-Middle,2024,2.05,14942842
21,Brazil,Healthcare,Insider Threat,2024,4.76,33384216
22,Germany,Finance,Ransomware,2022,1.18,17599880
23,China,Finance,Ransomware,2020,2.05,41796716
24,United States,Technology,Zero-Day Exploit,2015,2.55,44338546
25,Netherlands,Finance,Man-in-the-Middle,2023,3.24,38598848
26,China,Education,Data Breach,2023,7.42,22435881
27,United States,Finance,Credential Stuffing,2020,1.5,37026420
28,United States,Healthcare,SQL Injection,2023,3.75,10532093
29,Japan,Retail,Zero-Day Exploit,2021,4.54,44012024
30,India,Government,Data Breach,2017,0.71,41092344
31,Brazil,Energy,Ransomware,2022,4.71,36103132
32,Germany,Retail,Zero-Day Exploit,2016,1.34,5198345
33,India,Healthcare,SQL Injection,2021,0.8,28870349
34,Singapore,Finance,DDoS,2022,13.88,45859387
35,China,Finance,DDoS,2020,15.67,18762720
36,India,Finance,Ransomware,2022,7.94,40342234
37,Brazil,Retail,DDoS,2024,2.13,2126961
38,United Kingdom,Manufacturing,Credential Stuffing,2018,0.96,37333869
39,Japan,Technology,Insider Threat,2022,5.69,35606255
40,India,Retail,Phishing,2023,3.11,23066505
41,Germany,Government,Phishing,2016,1.09,38243665
42,United States,Retail,DDoS,2023,3.58,4178565
43,China,Manufacturing,Ransomware,2024,0.66,25562380
44,China,Education,Phishing,2023,11.3,39262829
45,United States,Finance,Data Breach,2023,1.85,31503069
46,China,Technology,Phishing,2019,5.39,32770036
47,United States,Government,Zero-Day Exploit,2019,2.18,45704230
48,China,Energy,Credential Stuffing,2024,3.8,25340961
49,United Kingdom,Technology,Man-in-the-Middle,2017,4.06,5243862
50,China,Finance,Data Breach,2023,1.42,8231791
51,China,Energy,Insider Threat,2023,16.22,44819402
52,United States,Finance,Ransomware,2020,7.22,29348455
53,China,Education,SQL Injection,2017,13.12,11660301
54,South Korea,Finance,Man-in-the-Middle,2022,10.63,42972656
55,United Kingdom,Retail,Ransomware,2023,4.6,18473925
56,United Kingdom,Technology,Ransomware,2023,11.97,20347085
57,United States,Manufacturing,Phishing,2019,0.92,37164216
58,Germany,Government,Ransomware,2024,1.48,33583417
59,United States,Transportation,Phishing,2023,0.71,33201372
60,China,Finance,SQL Injection,2023,2.27,4590823
61,Israel,Healthcare,Phishing,2017,2.71,19590069
62,United Kingdom,Telecommunications,Phishing,2023,1.92,38144296
63,India,Retail,Data Breach,2015,8.44,3130085
64,United Kingdom,Technology,DDoS,2022,2.49,10232237
65,Japan,Education,Ransomware,2021,1.98,19427819
66,France,Government,Ransomware,2022,4.02,1118944
67,China,Retail,Phishing,2024,1.18,44820886
68,United States,Manufacturing,Data Breach,2020,7.79,12184942
69,China,Energy,Data Breach,2024,0.85,39255580
70,China,Energy,Zero-Day Exploit,2017,20.0,37448674
71,United States,Finance,Phishing,2024,7.16,23239596
72,South Korea,Healthcare,Credential Stuffing,2020,1.5,7042149
73,Canada,Government,Phishing,2018,0.52,27133678
74,China,Education,SQL Injection,2016,8.1,48835295
75,United Kingdom,Finance,Supply Chain Attack,2018,6.02,15838616
76,China,Government,Zero-Day Exploit,2022,6.38,39781191
77,Australia,Transportation,Phishing,2023,7.14,43189869
78,Russia,Finance,SQL Injection,2023,0.85,2781752
79,China,Finance,Data Breach,2015,2.5,35645751
80,China,Healthcare,Phishing,2024,1.05,32122067
81,India,Technology,SQL Injection,2020,9.45,37772167
82,China,Technology,Data Breach,2016,4.89,29383232
83,India,Manufacturing,Ransomware,2022,2.31,45327309
84,Canada,Government,Credential Stuffing,2016,0.8,28715360
85,Russia,Healthcare,SQL Injection,2022,2.18,8836721
86,China,Government,Data Breach,2016,2.27,931353
87,Mexico,Education,Phishing,2023,6.39,47799352
88,Russia,Finance,Phishing,2016,5.07,35398585
89,United States,Transportation,Ransomware,2020,10.32,48516856
90,United States,Energy,Insider Threat,2018,3.38,13968789
91,United States,Education,Phishing,2022,1.07,31007297
92,United Kingdom,Technology,Zero-Day Exploit,2018,6.12,47213322
93,France,Healthcare,Phishing,2022,6.94,11938935
94,Russia,Manufacturing,Phishing,2021,4.21,3307835
95,United States,Technology,Man-in-the-Middle,2020,7.13,10186986
96,China,Transportation,Ransomware,2017,3.56,28474348
97,Mexico,Retail,Insider Threat,2023,3.83,25539069
98,India,Healthcare,SQL Injection,2018,3.01,11843081
99,Singapore,Energy,SQL Injection,2019,0.62,35607945
100,Japan,Government,DDoS,2015,1.01,23463257
101,United States,Energy,Ransomware,2021,0.64,13377312
102,Germany,Education,Data Breach,2021,5.05,25851535
103,United Kingdom,Healthcare,Ransomware,2019,2.2,15020217
104,India,Transportation,Phishing,2017,3.7,35211919
105,China,Retail,DDoS,2023,11.22,36345773
106,United Kingdom,Retail,Man-in-the-Middle,2021,1.79,41592353
107,United States,Healthcare,Ransomware,2017,2.88,11967977
108,Russia,Government,Phishing,2020,6.84,25511668
109,Russia,Healthcare,Data Breach,2024,1.67,27009365
110,Italy,Education,Data Breach,2022,0.86,2604425
111,Canada,Retail,Credential Stuffing,2022,2.04,2761723
112,China,Finance,DDoS,2020,1.29,31258989
113,Russia,Education,Ransomware,2021,12.45,3783899
114,United States,Finance,Phishing,2016,7.93,15940395
115,Australia,Manufacturing,Phishing,2024,5.02,39264248
116,Japan,Finance,DDoS,2023,9.73,10245467
117,China,Finance,Ransomware,2023,7.83,33177769
118,United Kingdom,Finance,Phishing,2024,1.43,20664248
119,United Kingdom,Finance,Data Breach,2024,10.54,432284
120,United States,Government,Phishing,2024,3.99,9598433
121,France,Healthcare,Ransomware,2022,7.91,19114122
122,India,Healthcare,Data Breach,2024,10.69,28500868
123,France,Finance,Credential Stuffing,2016,2.22,31243806
124,India,Healthcare,Supply Chain Attack,2023,1.02,7517301
125,United States,Retail,Credential Stuffing,2015,1.66,658239
126,China,Education,Man-in-the-Middle,2024,3.01,15860567
127,United States,Finance,Data Breach,2022,8.17,40147395
128,South Korea,Government,Zero-Day Exploit,2019,9.37,8235055
129,Canada,Finance,Phishing,2024,0.53,23386003
130,Brazil,Healthcare,Man-in-the-Middle,2018,3.72,20882829
131,China,Energy,DDoS,2021,2.93,32033150
132,United States,Finance,DDoS,2016,1.63,22992557
133,Canada,Finance,Zero-Day Exploit,2017,1.07,21094609
134,Italy,Healthcare,Zero-Day Exploit,2024,2.35,13409559
135,United States,Retail,Ransomware,2020,13.38,12859405
136,Russia,Finance,Ransomware,2024,2.26,42242990
137,United States,Government,DDoS,2018,3.79,45894522
138,France,Healthcare,Zero-Day Exploit,2024,5.96,22381381
139,France,Government,SQL Injection,2020,2.53,25207063
140,United States,Retail,Credential Stuffing,2021,16.56,13222219
141,Russia,Healthcare,Supply Chain Attack,2024,15.27,25937889
142,India,Healthcare,DDoS,2021,1.81,33857978
143,China,Government,Data Breach,2018,3.59,36926016
144,Japan,Finance,Data Breach,2024,2.11,1398658
145,Russia,Retail,Data Breach,2024,2.01,2761258
146,United States,Retail,Ransomware,2022,0.67,1717579
147,India,Technology,DDoS,2016,4.73,26964356
148,Germany,Energy,Zero-Day Exploit,2017,3.64,1045816
149,United States,Retail,Supply Chain Attack,2020,0.74,3823973
150,China,Finance,Ransomware,2018,1.97,29260562
151,Mexico,Technology,Ransomware,2020,11.25,11323720
152,United Kingdom,Energy,Man-in-the-Middle,2023,1.73,37248325
153,Russia,Retail,Supply Chain Attack,2024,1.2,31515319
154,India,Education,Ransomware,2019,3.53,49729414
155,United States,Telecommunications,Phishing,2021,19.6,6115862
156,China,Energy,Data Breach,2021,1.75,10509408
157,China,Government,Phishing,2024,5.52,36108121
158,India,Healthcare,DDoS,2020,6.95,18475729
159,China,Technology,Data Breach,2018,1.72,27696993
160,China,Manufacturing,Phishing,2021,6.36,13027515
161,United States,Government,SQL Injection,2024,2.56,33692331
162,United Kingdom,Government,Zero-Day Exploit,2021,5.0,42124929
163,China,Retail,Man-in-the-Middle,2019,5.02,31883023
164,Canada,Energy,Data Breach,2022,3.95,24673261
165,Japan,Government,Ransomware,2023,0.93,4170263
166,United States,Finance,Data Breach,2017,8.62,38183188
167,China,Finance,Phishing,2022,2.24,39436581
168,United Kingdom,Manufacturing,Phishing,2016,1.43,5688605
169,United States,Retail,Ransomware,2024,0.69,9190717
170,United States,Manufacturing,DDoS,2019,4.52,24464647
171,South Korea,Government,DDoS,2016,5.59,4306180
172,India,Energy,DDoS,2023,0.58,30245906
173,Russia,Retail,Supply Chain Attack,2020,3.73,14389872
174,France,Technology,Data Breach,2019,1.66,6805180
175,Brazil,Manufacturing,Man-in-the-Middle,2016,5.16,16990119
176,United States,Government,Phishing,2021,1.36,19033229
177,United States,Healthcare,Ransomware,2022,5.78,24783862
178,Russia,Government,Supply Chain Attack,2023,2.7,10842952
179,Russia,Government,Phishing,2020,12.92,37770177
180,Russia,Government,Data Breach,2021,1.17,33400186
181,Germany,Finance,Phishing,2024,2.38,2870681
182,United Kingdom,Energy,Ransomware,2024,1.04,23792548
183,Iran,Retail,Ransomware,2023,12.14,8120559
184,United States,Healthcare,Zero-Day Exploit,2021,9.94,11883387
185,Russia,Healthcare,Phishing,2021,1.84,40155032
186,China,Technology,Credential Stuffing,2024,5.35,16856156
187,Japan,Technology,Ransomware,2016,8.15,5408747
188,China,Finance,Data Breach,2023,4.15,161397
189,United States,Retail,Ransomware,2022,3.89,28135580
190,Russia,Technology,Data Breach,2024,1.75,1931475
191,Russia,Education,Ransomware,2024,0.94,4243560
192,China,Government,Ransomware,2022,10.74,35859965
193,China,Government,Ransomware,2023,10.88,5926169
194,Australia,Retail,SQL Injection,2017,5.01,20997558
195,Russia,Education,Credential Stuffing,2018,2.36,6739302
196,Japan,Telecommunications,Data Breach,2021,2.43,35641533
197,India,Government,Ransomware,2024,6.33,37010205
198,United States,Government,SQL Injection,2018,10.73,7605602
199,Mexico,Technology,Ransomware,2021,10.32,25038511
200,Japan,Retail,SQL Injection,2023,7.31,1731630
201,Singapore,Technology,Phishing,2021,5.12,38913231
202,South Korea,Government,Phishing,2023,0.9,45355775
203,Japan,Technology,SQL Injection,2022,1.29,6773429
204,United States,Education,Credential Stuffing,2018,10.8,8530608
205,Russia,Finance,Phishing,2020,4.7,5552712
206,United States,Retail,SQL Injection,2023,0.54,40643641
207,Russia,Healthcare,Data Breach,2024,0.98,31861807
208,United States,Transportation,Phishing,2021,5.4,6829413
209,China,Education,Ransomware,2024,0.52,45316834
210,Israel,Government,DDoS,2023,1.29,48272456
211,China,Retail,Data Breach,2018,4.08,14882794
212,France,Government,Phishing,2022,5.8,45920637
213,Russia,Education,Phishing,2019,5.25,30932029
214,Russia,Technology,Phishing,2015,1.64,9057583
215,Netherlands,Finance,Man-in-the-Middle,2018,6.1,4790387
216,Mexico,Transportation,DDoS,2023,1.72,17030394
217,India,Healthcare,SQL Injection,2024,2.27,15447051
218,Germany,Healthcare,Credential Stuffing,2015,6.68,3101983
219,United States,Technology,Ransomware,2023,5.22,22176172
220,China,Technology,Phishing,2022,9.01,715395
221,Singapore,Government,Zero-Day Exploit,2023,5.32,18656114
222,India,Education,Phishing,2020,4.28,20778056
223,India,Retail,DDoS,2022,0.94,26158576
224,France,Healthcare,SQL Injection,2024,2.56,34608744
225,United States,Technology,DDoS,2021,1.89,19136046
226,India,Manufacturing,Insider Threat,2023,1.76,37039533
227,Russia,Manufacturing,Data Breach,2020,16.76,2080663
228,Japan,Retail,Ransomware,2024,2.75,25449740
229,United States,Healthcare,Ransomware,2018,10.52,27006744
230,Netherlands,Healthcare,Supply Chain Attack,2020,4.99,15956433
231,United States,Healthcare,Credential Stuffing,2023,7.63,5243634
232,United States,Education,Ransomware,2017,3.64,32523099
233,India,Government,Data Breach,2023,4.37,11066082
234,United Kingdom,Education,Man-in-the-Middle,2020,3.55,44668043
235,China,Finance,Data Breach,2015,1.48,19427843
236,United States,Retail,Zero-Day Exploit,2021,6.27,4861382
237,Canada,Finance,Data Breach,2016,1.98,17572194
238,China,Education,Data Breach,2023,0.61,2053362
239,India,Manufacturing,Phishing,2018,5.17,27707320
240,United Kingdom,Finance,Phishing,2022,1.38,23227044
241,Russia,Transportation,Man-in-the-Middle,2019,13.19,25392103
242,India,Government,Ransomware,2017,14.35,30234734
243,India,Telecommunications,Zero-Day Exploit,2024,11.59,35626703
244,South Korea,Government,DDoS,2022,2.58,31125629
245,United States,Healthcare,Insider Threat,2022,0.57,28814368
246,Germany,Healthcare,Ransomware,2015,12.36,39014920
247,China,Telecommunications,Ransomware,2019,3.02,47828730
248,China,Government,Supply Chain Attack,2024,15.8,10868048
249,United Kingdom,Healthcare,Phishing,2024,15.41,31496528
250,China,Finance,Data Breach,2022,9.13,22889556
251,China,Government,Data Breach,2020,2.07,1200446
252,France,Education,Data Breach,2017,2.69,15115850
253,United States,Healthcare,DDoS,2016,9.07,25651211
254,Russia,Energy,Zero-Day Exploit,2022,2.22,12372528
255,Mexico,Technology,Man-in-the-Middle,2024,1.34,22991610
256,Mexico,Government,Data Breach,2016,4.16,1760499
257,United States,Manufacturing,Ransomware,2022,12.88,14758176
258,United States,Manufacturing,DDoS,2019,5.86,6136162
259,China,Finance,Data Breach,2020,4.3,15593639
260,South Korea,Energy,DDoS,2021,0.96,45028043
261,Canada,Government,Phishing,2022,4.8,12523955
262,Canada,Finance,Man-in-the-Middle,2015,21.25,23124888
263,China,Government,Phishing,2022,1.18,23213005
264,United States,Government,Phishing,2023,3.79,13663740
265,Brazil,Education,Phishing,2019,9.94,37697935
266,Germany,Retail,Zero-Day Exploit,2020,6.58,35758063
267,United Kingdom,Government,Phishing,2022,5.87,30635709
268,Israel,Finance,DDoS,2019,5.96,17846728
269,United Kingdom,Government,Zero-Day Exploit,2021,2.5,21193059
270,United States,Transportation,Ransomware,2015,2.06,43975763
271,Brazil,Technology,Phishing,2017,7.96,26401220
272,China,Healthcare,Zero-Day Exploit,2024,7.98,36857663
273,United Kingdom,Telecommunications,Credential Stuffing,2015,9.58,23043692
274,South Korea,Retail,Phishing,2019,11.5,30550639
275,United States,Healthcare,Phishing,2015,3.72,29977625
276,United States,Healthcare,Data Breach,2022,3.63,41044823
277,United States,Healthcare,Credential Stuffing,2023,7.7,6188443
278,India,Energy,SQL Injection,2022,5.22,48840902
279,China,Government,Data Breach,2021,5.95,37347624
280,India,Government,DDoS,2024,7.65,35285573
281,Germany,Telecommunications,DDoS,2022,10.43,6113200
282,United States,Healthcare,Data Breach,2022,2.36,33389258
283,United Kingdom,Retail,Man-in-the-Middle,2021,2.62,16468685
284,China,Government,Ransomware,2019,0.94,16074192
285,Russia,Government,Data Breach,2017,4.39,20367827
286,Canada,Technology,Zero-Day Exploit,2024,0.66,2417309
287,Japan,Retail,DDoS,2019,3.32,17304241
288,United States,Government,Data Breach,2023,4.02,23534766
289,Russia,Finance,Ransomware,2021,2.02,2925709
290,China,Education,Phishing,2022,4.52,29073929
291,United States,Education,Phishing,2022,0.64,42699687
292,France,Government,Phishing,2019,0.67,15041816
293,United Kingdom,Government,Ransomware,2021,8.28,17384068
294,China,Finance,DDoS,2021,2.51,10599628
295,Germany,Retail,Insider Threat,2021,1.11,7687368
296,India,Education,Data Breach,2023,3.82,32334691
297,Russia,Technology,Data Breach,2024,7.11,7204525
298,United States,Finance,Zero-Day Exploit,2022,1.59,5158670
299,United States,Education,Credential Stuffing,2021,4.89,4823516
300,Canada,Government,Credential Stuffing,2020,0.9,5210866
301,Canada,Education,Ransomware,2018,0.74,17914633
302,India,Government,Ransomware,2024,3.91,5560168
303,Brazil,Telecommunications,Phishing,2020,4.0,36512064
304,India,Education,Data Breach,2020,5.07,33853721
305,United States,Energy,Supply Chain Attack,2018,6.33,6508950
306,United States,Healthcare,Zero-Day Exploit,2023,17.26,1559149
307,China,Government,Ransomware,2022,3.77,32708079
308,Canada,Energy,Ransomware,2015,2.26,6136921
309,Brazil,Healthcare,DDoS,2022,7.64,9244661
310,Japan,Energy,SQL Injection,2019,1.92,504755
311,Canada,Telecommunications,Insider Threat,2023,3.1,45904775
312,United States,Telecommunications,Ransomware,2024,0.87,33791356
313,China,Technology,Credential Stuffing,2016,0.62,9456687
314,United States,Government,Credential Stuffing,2022,15.29,19926725
315,France,Healthcare,Credential Stuffing,2024,8.63,21325319
316,Canada,Manufacturing,Phishing,2021,5.86,16634056
317,Russia,Healthcare,DDoS,2021,2.87,43631264
318,United Kingdom,Government,Data Breach,2020,1.36,29009304
319,United States,Energy,SQL Injection,2017,1.27,37720821
320,South Korea,Transportation,Ransomware,2022,1.8,27892750
321,Japan,Healthcare,Credential Stuffing,2024,4.09,43749382
322,Ukraine,Retail,Credential Stuffing,2021,6.14,48633441
323,Brazil,Technology,Data Breach,2023,5.36,93346
324,Canada,Finance,Data Breach,2017,1.98,35922245
325,United States,Healthcare,Insider Threat,2023,14.44,26595532
326,Germany,Government,Ransomware,2019,6.53,13443943
327,China,Technology,Zero-Day Exploit,2022,4.14,20840384
328,South Korea,Government,Phishing,2021,4.76,35839330
329,Brazil,Education,DDoS,2023,2.95,30380560
330,Japan,Government,DDoS,2023,1.78,35086869
331,Brazil,Energy,DDoS,2021,2.48,34338098
332,China,Government,Man-in-the-Middle,2022,6.88,44854399
333,France,Transportation,Phishing,2015,0.57,41151245
334,United States,Technology,DDoS,2022,1.06,10456499
335,Japan,Finance,Ransomware,2022,0.71,49748655
336,Japan,Healthcare,Phishing,2023,0.69,49979095
337,China,Transportation,Zero-Day Exploit,2020,9.2,13118632
338,Brazil,Energy,Credential Stuffing,2022,5.97,34333637
339,Russia,Energy,Supply Chain Attack,2024,3.39,23874381
340,China,Education,Ransomware,2022,0.96,42860132
341,France,Healthcare,Credential Stuffing,2024,3.54,32181187
342,China,Government,Data Breach,2023,3.39,47447869
343,United States,Finance,Phishing,2020,1.36,38068084
344,United States,Healthcare,SQL Injection,2023,3.06,40192467
345,China,Telecommunications,Phishing,2019,2.79,3522910
346,Japan,Technology,DDoS,2021,4.81,45169598
347,Singapore,Retail,Data Breach,2015,5.04,26612667
348,China,Finance,Data Breach,2022,0.71,22257670
349,United Kingdom,Healthcare,Supply Chain Attack,2017,2.61,40129805
350,Russia,Education,Ransomware,2024,4.92,9289561
351,Iran,Technology,Phishing,2018,3.65,47751178
352,India,Finance,Phishing,2023,9.24,4447421
353,South Korea,Healthcare,Data Breach,2023,5.34,17429140
354,United States,Finance,Credential Stuffing,2019,1.3,46470689
355,Singapore,Technology,Data Breach,2018,0.83,36460937
356,United States,Healthcare,Man-in-the-Middle,2021,5.13,4569246
357,Netherlands,Healthcare,DDoS,2021,0.62,19248172
358,China,Finance,Phishing,2020,4.47,30802855
359,United States,Retail,Phishing,2017,13.18,19917098
360,Russia,Healthcare,Ransomware,2023,4.36,27543866
361,Germany,Government,Ransomware,2022,2.71,31581157
362,China,Technology,Man-in-the-Middle,2018,5.14,18125371
363,India,Finance,Zero-Day Exploit,2018,3.26,26021707
364,Russia,Energy,Insider Threat,2024,4.05,21872986
365,China,Government,Phishing,2022,13.27,2230753
366,India,Technology,Data Breach,2023,2.7,30712898
367,China,Manufacturing,Data Breach,2023,15.12,34139474
368,Germany,Government,Data Breach,2023,11.11,38118402
369,United States,Healthcare,Ransomware,2023,1.48,1420754
370,South Korea,Healthcare,Phishing,2018,0.82,44160267
371,India,Transportation,Ransomware,2024,0.98,8355525
372,Germany,Healthcare,Phishing,2021,0.58,15806267
373,Germany,Education,DDoS,2024,0.95,1481277
374,United Kingdom,Telecommunications,Credential Stuffing,2022,5.67,16944307
375,China,Technology,Phishing,2017,0.83,21068572
376,United States,Finance,Credential Stuffing,2020,2.23,3993042
377,United Kingdom,Government,Insider Threat,2019,8.89,21437426
378,China,Retail,Zero-Day Exploit,2022,0.61,26041982
379,China,Finance,Supply Chain Attack,2024,8.08,16162343
380,Japan,Energy,SQL Injection,2018,1.99,5914163
381,Germany,Government,Ransomware,2023,1.07,27309091
382,China,Retail,Phishing,2023,5.87,47463503
383,China,Energy,Man-in-the-Middle,2024,4.96,28834817
384,Russia,Healthcare,Zero-Day Exploit,2018,9.95,29754150
385,Russia,Finance,Ransomware,2024,6.48,41516345
386,China,Government,Credential Stuffing,2020,7.82,6962644
387,United States,Finance,Supply Chain Attack,2024,1.99,21896121
388,Russia,Energy,Data Breach,2018,1.38,18322645
389,South Korea,Energy,Man-in-the-Middle,2024,6.75,15395932
390,United Kingdom,Education,Ransomware,2018,7.9,21403359
391,Canada,Government,Man-in-the-Middle,2022,21.46,26860436
392,United Kingdom,Energy,Ransomware,2020,2.89,7627439
393,China,Government,Phishing,2022,2.59,12207514
394,India,Healthcare,Supply Chain Attack,2022,7.24,46876571
395,United States,Manufacturing,Data Breach,2017,2.38,34904871
396,China,Healthcare,Zero-Day Exploit,2024,12.52,11808706
397,Russia,Transportation,Data Breach,2024,9.3,3735042
398,India,Government,Man-in-the-Middle,2017,3.02,8429341
399,United Kingdom,Retail,Phishing,2023,6.75,9440601
400,Russia,Transportation,Ransomware,2020,6.82,46444568
401,Russia,Retail,SQL Injection,2015,0.99,33222962
402,United States,Healthcare,Man-in-the-Middle,2022,10.98,43821306
403,Russia,Manufacturing,DDoS,2021,3.67,13294335
404,Canada,Retail,DDoS,2024,8.38,47553528
405,Brazil,Transportation,Phishing,2024,2.24,41347122
406,United States,Government,Credential Stuffing,2021,10.66,11812084
407,United States,Manufacturing,Insider Threat,2015,2.72,2821205
408,Russia,Technology,Zero-Day Exploit,2019,0.55,48654472
409,United Kingdom,Finance,Ransomware,2021,11.11,43844086
410,China,Finance,Phishing,2022,0.93,34480641
411,Brazil,Healthcare,Ransomware,2023,2.23,24436880
412,France,Retail,Man-in-the-Middle,2018,13.99,22232565
413,United Kingdom,Government,Zero-Day Exploit,2018,14.04,16308529
414,China,Technology,Phishing,2022,4.33,17485985
415,United States,Energy,Data Breach,2017,5.0,4228039
416,United States,Energy,Phishing,2022,3.18,19374198
417,China,Education,Data Breach,2021,2.06,12354000
418,Russia,Finance,Data Breach,2022,2.29,37502058
419,Japan,Finance,Zero-Day Exploit,2024,5.52,40988508
420,United States,Energy,SQL Injection,2017,6.78,42670607
421,Russia,Finance,Phishing,2021,7.56,19776167
422,United Kingdom,Education,Supply Chain Attack,2021,7.51,3661406
423,United States,Retail,DDoS,2016,0.93,10412677
424,Germany,Technology,Supply Chain Attack,2021,3.57,34551589
425,Russia,Healthcare,Man-in-the-Middle,2023,0.77,30675098
426,China,Healthcare,Phishing,2022,4.09,16102253
427,United Kingdom,Healthcare,Man-in-the-Middle,2019,3.12,15486019
428,United States,Government,SQL Injection,2015,10.34,3674253
429,France,Finance,Credential Stuffing,2023,2.44,4748684
430,France,Finance,Ransomware,2018,1.06,31305776
431,United States,Finance,Data Breach,2019,1.19,24080714
432,Russia,Healthcare,Ransomware,2019,6.95,2212392
433,United States,Healthcare,Ransomware,2021,4.83,31054317
434,Netherlands,Transportation,Phishing,2019,0.98,20395629
435,India,Retail,Supply Chain Attack,2019,0.9,28116425
436,United States,Technology,SQL Injection,2017,5.93,34938942
437,China,Transportation,Phishing,2023,0.84,10695907
438,Japan,Retail,Ransomware,2020,8.26,14174998
439,Russia,Energy,Man-in-the-Middle,2024,6.01,25452024
440,Brazil,Healthcare,Zero-Day Exploit,2023,0.88,12646891
441,United Kingdom,Technology,Phishing,2021,0.9,7330495
442,Israel,Healthcare,Phishing,2023,19.92,35603412
443,India,Retail,Credential Stuffing,2021,2.61,2469706
444,Italy,Manufacturing,Supply Chain Attack,2018,2.58,46861489
445,Canada,Education,Credential Stuffing,2020,8.04,1045633
446,United Kingdom,Transportation,Zero-Day Exploit,2023,13.74,34840376
447,Germany,Manufacturing,Ransomware,2016,19.71,4673684
448,Russia,Energy,Ransomware,2024,6.8,26722156
449,Brazil,Finance,Data Breach,2019,2.62,787700
450,India,Government,Phishing,2023,0.89,38056104
451,Canada,Transportation,Ransomware,2022,7.26,16419997
452,Germany,Retail,DDoS,2022,4.18,40516380
453,Russia,Transportation,Phishing,2017,2.98,5557921
454,China,Finance,DDoS,2024,11.16,35040151
455,China,Government,Data Breach,2023,1.03,27817737
456,United Kingdom,Manufacturing,Data Breach,2015,3.55,16899342
457,France,Energy,Data Breach,2020,0.55,49313442
458,India,Finance,SQL Injection,2021,3.35,38676726
459,United Kingdom,Finance,Phishing,2022,0.76,9670215
460,China,Healthcare,Phishing,2024,1.07,45154052
461,United States,Technology,Phishing,2017,1.06,10993392
462,China,Government,Phishing,2022,5.21,562267
463,China,Finance,Data Breach,2021,6.67,11508420
464,China,Healthcare,Man-in-the-Middle,2016,4.44,25477665
465,India,Transportation,DDoS,2023,15.24,47094080
466,United States,Finance,Phishing,2017,2.61,46141070
467,China,Government,Data Breach,2021,2.01,18436116
468,Germany,Education,Ransomware,2019,9.63,9932679
469,Germany,Transportation,Ransomware,2017,1.64,35362269
470,United States,Retail,Credential Stuffing,2023,15.36,3751631
471,Russia,Finance,Zero-Day Exploit,2021,0.56,41474242
472,India,Education,Phishing,2023,16.26,11233180
473,Russia,Healthcare,Supply Chain Attack,2020,0.7,14210020
474,United States,Energy,Phishing,2017,10.48,16921770
475,Russia,Finance,SQL Injection,2017,3.88,33034269
476,Canada,Retail,Ransomware,2019,22.81,13019454
477,India,Manufacturing,DDoS,2023,0.84,24458872
478,Germany,Energy,Phishing,2023,4.13,33808575
479,Japan,Healthcare,Ransomware,2020,16.18,21614818
480,France,Healthcare,SQL Injection,2016,3.83,44503219
481,China,Education,SQL Injection,2019,4.97,38369179
482,United States,Finance,Zero-Day Exploit,2023,5.85,39185745
483,China,Government,Data Breach,2021,3.23,38478906
484,France,Manufacturing,Man-in-the-Middle,2023,4.94,15601111
485,Japan,Healthcare,Data Breach,2021,4.45,1845833
486,Italy,Retail,DDoS,2021,10.91,24682751
487,Russia,Transportation,Phishing,2019,0.71,9403099
488,France,Retail,Phishing,2017,1.98,15026040
489,India,Finance,Data Breach,2021,14.02,7321205
490,India,Energy,Credential Stuffing,2019,10.44,5584681
491,China,Manufacturing,Zero-Day Exploit,2019,3.24,47870070
492,China,Education,Ransomware,2023,4.86,25239492
493,Russia,Education,Zero-Day Exploit,2022,1.96,40810832
494,United States,Transportation,Phishing,2021,1.44,34751974
495,China,Education,Phishing,2019,3.3,34754061
496,United Kingdom,Government,DDoS,2022,2.46,1790328
497,Russia,Technology,DDoS,2024,4.44,7052614
498,United States,Technology,DDoS,2023,0.86,19100492
499,Russia,Technology,Credential Stuffing,2019,16.99,43172491
500,United States,Education,Phishing,2023,19.78,48325884
501,United Kingdom,Healthcare,Zero-Day Exploit,2022,5.89,8860386
502,United States,Transportation,Phishing,2018,3.96,44926025
503,China,Technology,Man-in-the-Middle,2017,2.17,6017104
504,India,Government,Phishing,2024,8.06,37763226
505,United States,Education,DDoS,2024,5.69,16995863
506,United Kingdom,Transportation,Data Breach,2024,1.3,25717519
507,United States,Government,Ransomware,2023,11.38,37976272
508,Russia,Retail,Phishing,2020,8.28,44265413
509,United States,Government,Data Breach,2019,13.96,27250744
510,China,Retail,Supply Chain Attack,2017,6.32,14931227
511,United States,Transportation,Data Breach,2023,4.78,41907667
512,China,Healthcare,Phishing,2024,2.94,30955578
513,France,Education,Data Breach,2016,12.65,9811241
514,China,Transportation,Ransomware,2023,9.55,29005270
515,France,Healthcare,Zero-Day Exploit,2020,0.71,37413336
516,Brazil,Government,Man-in-the-Middle,2018,0.62,35879984
517,China,Energy,Ransomware,2022,2.63,14784084
518,United States,Retail,SQL Injection,2018,7.99,14368442
519,United States,Finance,Credential Stuffing,2024,20.14,26559412
520,India,Healthcare,Zero-Day Exploit,2017,1.23,928352
521,Mexico,Government,Data Breach,2024,4.56,600438
522,China,Finance,SQL Injection,2024,2.66,46684470
523,United Kingdom,Energy,Data Breach,2023,16.27,33628763
524,France,Manufacturing,Phishing,2023,8.81,32992473
525,United Kingdom,Retail,Phishing,2024,8.7,22324002
526,France,Government,Ransomware,2016,3.35,3526285
527,Italy,Healthcare,Data Breach,2015,2.91,32733325
528,United States,Retail,Credential Stuffing,2019,1.94,20922782
529,United States,Energy,Phishing,2015,0.76,27016055
530,United States,Healthcare,Man-in-the-Middle,2018,9.5,29854124
531,United States,Finance,Credential Stuffing,2022,8.04,36147582
532,United Kingdom,Energy,Phishing,2021,37.28,32779282
533,India,Retail,Phishing,2018,26.13,12411237
534,United States,Government,Zero-Day Exploit,2017,4.15,3601057
535,Germany,Healthcare,Supply Chain Attack,2019,7.09,23231175
536,France,Education,Ransomware,2023,13.53,43023272
537,United States,Finance,Ransomware,2021,9.03,47444490
538,United Kingdom,Education,Supply Chain Attack,2020,1.78,33510965
539,France,Technology,Ransomware,2022,3.19,26891736
540,United States,Government,DDoS,2024,1.12,11674457
541,Brazil,Telecommunications,Data Breach,2021,14.36,29936478
542,Netherlands,Healthcare,Ransomware,2021,4.69,10051626
543,United States,Healthcare,Phishing,2023,1.67,8905908
544,United States,Technology,Phishing,2024,5.51,32708234
545,China,Healthcare,Zero-Day Exploit,2018,4.83,13867531
546,United Kingdom,Healthcare,Phishing,2021,2.5,37932519
547,Netherlands,Technology,Phishing,2022,1.04,37394505
548,China,Retail,Ransomware,2021,5.51,18141180
549,Germany,Government,Zero-Day Exploit,2024,3.81,41090856
550,United States,Retail,SQL Injection,2022,7.16,46669569
551,Germany,Manufacturing,Ransomware,2017,3.8,5421351
552,United Kingdom,Healthcare,Zero-Day Exploit,2015,9.1,40782651
553,United States,Education,Phishing,2020,4.11,36554796
554,France,Transportation,Ransomware,2021,4.2,25938215
555,Japan,Healthcare,Ransomware,2023,9.92,42977019
556,India,Healthcare,Zero-Day Exploit,2017,2.82,32084081
557,United States,Retail,Zero-Day Exploit,2020,1.15,25384092
558,Iran,Government,DDoS,2018,0.63,8446831
559,France,Manufacturing,Ransomware,2024,6.83,35763509
560,China,Healthcare,Man-in-the-Middle,2021,4.86,49816180
561,Russia,Energy,Data Breach,2023,5.98,34771841
562,China,Healthcare,Ransomware,2018,1.58,28033467
563,Russia,Finance,Zero-Day Exploit,2021,1.16,20148014
564,China,Healthcare,Man-in-the-Middle,2023,0.57,40870196
565,Japan,Finance,Phishing,2023,2.44,21910244
566,Brazil,Technology,Data Breach,2018,4.51,13782450
567,United States,Government,Phishing,2016,2.74,42658143
568,Netherlands,Finance,Phishing,2018,3.09,22637932
569,United Kingdom,Retail,Data Breach,2017,11.05,2275698
570,Brazil,Technology,Ransomware,2023,2.43,4892671
571,Germany,Healthcare,Phishing,2015,3.75,33150751
572,Russia,Education,Phishing,2019,7.39,42333648
573,Germany,Technology,Phishing,2016,2.77,10157815
574,Singapore,Finance,SQL Injection,2020,4.88,16813476
575,China,Technology,DDoS,2015,9.42,19256
576,Brazil,Government,Phishing,2016,13.94,24193556
577,India,Technology,Ransomware,2018,1.22,2570448
578,Russia,Telecommunications,Supply Chain Attack,2019,12.25,19340004
579,Russia,Retail,Data Breach,2017,3.55,6964845
580,Germany,Finance,Data Breach,2023,1.84,46597266
581,China,Telecommunications,Credential Stuffing,2021,3.27,12540382
582,Japan,Education,Data Breach,2015,18.11,39028638
583,Brazil,Healthcare,Phishing,2017,3.55,32953377
584,United States,Technology,Ransomware,2021,2.29,43757770
585,Canada,Technology,Data Breach,2021,5.02,47647711
586,China,Energy,DDoS,2016,1.74,34436341
587,Russia,Retail,Phishing,2021,0.86,4499411
588,United Kingdom,Finance,Data Breach,2023,1.12,6356995
589,China,Healthcare,Ransomware,2024,1.12,37362814
590,United States,Healthcare,Phishing,2021,1.24,16455487
591,Japan,Government,Insider Threat,2019,1.17,17422965
592,United States,Energy,DDoS,2023,5.11,28804160
593,United States,Education,Phishing,2020,1.4,41972917
594,Brazil,Government,Phishing,2022,2.41,36956687
595,China,Transportation,Data Breach,2021,10.72,21392281
596,Canada,Healthcare,SQL Injection,2020,3.39,16975426
597,Germany,Healthcare,Phishing,2024,5.46,16078085
598,China,Technology,Man-in-the-Middle,2024,1.35,27541087
599,United States,Retail,Insider Threat,2019,1.46,20509833
600,Italy,Technology,Ransomware,2022,0.69,16554594
601,United States,Healthcare,Ransomware,2021,1.33,13273580
602,Germany,Government,Credential Stuffing,2023,1.97,33007710
603,Russia,Healthcare,Data Breach,2022,1.38,41318993
604,France,Finance,Phishing,2021,0.92,25113878
605,Germany,Healthcare,Ransomware,2024,1.08,21531270
606,United Kingdom,Retail,Data Breach,2021,3.28,14930613
607,Russia,Manufacturing,DDoS,2023,1.54,18476863
608,France,Government,Zero-Day Exploit,2020,2.54,11266305
609,United States,Technology,Data Breach,2021,3.65,21177447
610,China,Technology,Phishing,2018,5.78,40048906
611,Germany,Energy,Zero-Day Exploit,2020,0.68,45052963
612,China,Finance,Phishing,2017,7.73,25508348
613,India,Retail,Phishing,2021,4.95,36494639
614,Russia,Education,Phishing,2016,0.88,18827557
615,India,Government,Ransomware,2022,9.81,44964174
616,Russia,Transportation,Phishing,2018,11.92,4934449
617,Germany,Retail,Data Breach,2023,0.78,1156345
618,China,Healthcare,DDoS,2023,1.96,4926722
619,Germany,Finance,Ransomware,2024,7.88,33713530
620,China,Education,SQL Injection,2022,6.71,43619219
621,China,Transportation,Zero-Day Exploit,2024,1.42,9011703
622,United States,Retail,Man-in-the-Middle,2024,1.56,49689568
623,United States,Technology,Data Breach,2024,2.58,20540169
624,United States,Government,Phishing,2019,3.48,10391719
625,India,Healthcare,SQL Injection,2018,4.83,39738930
626,France,Finance,Phishing,2022,2.57,48480443
627,United States,Healthcare,SQL Injection,2022,3.29,41760868
628,United States,Education,Data Breach,2022,6.69,13457180
629,Russia,Healthcare,Credential Stuffing,2023,0.67,4462018
630,Germany,Government,Insider Threat,2024,1.81,28539119
631,Ukraine,Energy,Ransomware,2024,6.12,47332045
632,India,Education,Ransomware,2023,10.65,35363048
633,China,Finance,SQL Injection,2023,3.73,34510543
634,United States,Technology,Phishing,2022,3.92,20435221
635,United States,Retail,Zero-Day Exploit,2022,1.01,29191053
636,China,Finance,Ransomware,2022,3.17,26432495
637,United States,Finance,Zero-Day Exploit,2018,3.92,20888309
638,United States,Technology,Ransomware,2021,1.75,30978733
639,India,Retail,DDoS,2018,1.91,29514290
640,China,Transportation,Insider Threat,2017,2.63,1717455
641,Singapore,Government,Ransomware,2022,0.59,21825652
642,India,Finance,DDoS,2023,2.25,31036711
643,Germany,Retail,Ransomware,2018,1.57,40403361
644,United States,Healthcare,Man-in-the-Middle,2022,2.29,11631500
645,Japan,Retail,Data Breach,2024,1.07,26613846
646,Russia,Finance,Zero-Day Exploit,2018,10.45,25299038
647,Japan,Government,Data Breach,2021,4.55,44896858
648,India,Finance,DDoS,2019,5.61,21463258
649,Russia,Technology,Phishing,2020,7.51,33357573
650,Russia,Energy,DDoS,2021,3.61,6849321
651,United States,Healthcare,Phishing,2022,0.91,33144405
652,United States,Energy,Supply Chain Attack,2023,3.97,10276425
653,South Korea,Transportation,SQL Injection,2024,4.48,9072784
654,Russia,Finance,Data Breach,2018,6.66,22360477
655,Brazil,Technology,Data Breach,2023,3.04,33693665
656,Russia,Government,Phishing,2019,1.11,20587013
657,United States,Healthcare,SQL Injection,2024,2.0,9851305
658,United Kingdom,Manufacturing,Ransomware,2022,2.53,270101
659,United States,Energy,Data Breach,2019,5.17,47853000
660,United States,Retail,Phishing,2019,4.31,30941269
661,India,Finance,Data Breach,2023,2.48,1399398
662,China,Finance,SQL Injection,2023,19.88,37701945
663,Saudi Arabia,Retail,Data Breach,2022,4.69,22634425
664,United States,Finance,Phishing,2023,1.72,782509
665,France,Technology,DDoS,2018,0.98,41430678
666,India,Finance,Supply Chain Attack,2021,1.25,43660966
667,France,Healthcare,Supply Chain Attack,2023,1.77,27607648
668,China,Energy,Zero-Day Exploit,2024,1.29,49793455
669,India,Manufacturing,Credential Stuffing,2020,1.43,17490707
670,Russia,Government,Ransomware,2018,2.01,5755636
671,Russia,Finance,Data Breach,2018,1.36,46642794
672,Japan,Government,Man-in-the-Middle,2016,10.72,17114480
673,Israel,Government,Ransomware,2016,0.88,11562917
674,China,Manufacturing,DDoS,2018,3.85,2763879
675,United Kingdom,Healthcare,Ransomware,2024,2.88,49138925
676,United Kingdom,Transportation,Ransomware,2021,18.67,36412746
677,Germany,Government,Insider Threat,2021,1.03,18798196
678,Italy,Government,Phishing,2021,2.78,23696535
679,United States,Healthcare,Phishing,2017,16.2,44744425
680,United States,Energy,SQL Injection,2021,9.53,44359478
681,United Kingdom,Retail,Data Breach,2024,8.14,21021096
682,United States,Telecommunications,Phishing,2019,1.84,15725635
683,United States,Finance,Ransomware,2022,1.34,3893293
684,United States,Healthcare,DDoS,2021,5.47,31748076
685,United States,Energy,Ransomware,2024,12.43,39236400
686,Russia,Healthcare,Phishing,2018,4.16,31370038
687,India,Healthcare,Data Breach,2017,4.31,1256059
688,China,Technology,Phishing,2023,1.98,29429321
689,China,Government,Data Breach,2023,7.1,33099367
690,Germany,Finance,Supply Chain Attack,2016,1.43,6620190
691,Germany,Government,Phishing,2023,2.26,14012774
692,Russia,Manufacturing,Man-in-the-Middle,2020,2.99,29616551
693,Germany,Retail,Credential Stuffing,2023,3.69,31284316
694,Australia,Technology,Data Breach,2024,1.75,27521992
695,France,Retail,Phishing,2021,1.05,23782667
696,United Kingdom,Retail,Data Breach,2018,4.74,18915737
697,United Kingdom,Finance,DDoS,2024,2.03,5023298
698,South Korea,Telecommunications,Phishing,2019,4.42,9309339
699,Russia,Technology,Data Breach,2021,1.25,25451215
700,India,Healthcare,SQL Injection,2022,3.45,44479036
701,United Kingdom,Technology,Ransomware,2024,3.92,4785073
702,Australia,Government,Ransomware,2024,0.74,1291006
703,Brazil,Telecommunications,Zero-Day Exploit,2021,2.35,16578921
704,United States,Retail,Phishing,2021,1.15,47199751
705,United States,Technology,Phishing,2022,0.79,1435467
706,China,Finance,Ransomware,2020,21.21,45664180
707,France,Energy,Man-in-the-Middle,2018,2.25,36801381
708,India,Energy,Data Breach,2023,7.97,42209116
709,China,Finance,Zero-Day Exploit,2023,1.82,12595479
710,United States,Finance,Phishing,2020,5.65,30449829
711,Germany,Education,Zero-Day Exploit,2021,6.93,5387159
712,Germany,Manufacturing,Data Breach,2018,4.57,17823167
713,South Korea,Retail,Phishing,2022,3.37,25243918
714,Russia,Healthcare,Man-in-the-Middle,2020,2.89,29454430
715,Russia,Education,Credential Stuffing,2016,2.43,2665021
716,United States,Healthcare,SQL Injection,2023,12.44,28707449
717,United States,Telecommunications,DDoS,2023,8.49,31008210
718,Russia,Healthcare,Ransomware,2024,15.59,12182438
719,China,Government,Zero-Day Exploit,2023,1.1,15429151
720,China,Energy,Insider Threat,2018,6.41,37909021
721,United States,Healthcare,Ransomware,2019,13.04,35513147
722,Netherlands,Education,Man-in-the-Middle,2019,1.4,15005352
723,Japan,Government,Ransomware,2024,0.81,23279799
724,India,Technology,Ransomware,2022,6.58,34533066
725,Italy,Technology,Credential Stuffing,2023,4.34,12856970
726,Mexico,Government,Phishing,2023,8.8,24478832
727,United Kingdom,Finance,Credential Stuffing,2022,1.18,27535244
728,China,Education,Ransomware,2017,7.64,45807516
729,United States,Healthcare,Data Breach,2016,1.51,26061592
730,France,Energy,DDoS,2023,1.3,27845200
731,Russia,Transportation,SQL Injection,2017,1.31,1318255
732,United Kingdom,Healthcare,Phishing,2018,8.08,984688
733,Australia,Finance,Data Breach,2023,5.42,38003931
734,United States,Retail,Ransomware,2024,3.83,20780077
735,India,Healthcare,Data Breach,2024,2.5,481732
736,United Kingdom,Government,Phishing,2015,9.94,26475676
737,Russia,Finance,DDoS,2017,2.74,7723147
738,United States,Energy,DDoS,2022,8.13,40095705
739,China,Technology,Phishing,2023,3.1,24776115
740,China,Energy,Data Breach,2023,2.63,29197027
741,United Kingdom,Healthcare,Data Breach,2022,3.3,38830352
742,Japan,Government,Credential Stuffing,2020,2.11,8918662
743,China,Technology,Man-in-the-Middle,2015,6.7,24416614
744,Germany,Manufacturing,Supply Chain Attack,2019,3.64,45993947
745,China,Government,Supply Chain Attack,2021,1.69,24273512
746,South Korea,Technology,Man-in-the-Middle,2022,10.84,11402045
747,Brazil,Government,SQL Injection,2023,2.68,5104238
748,India,Government,Man-in-the-Middle,2018,4.03,14886881
749,Russia,Retail,Data Breach,2022,11.16,9799896
750,China,Manufacturing,Data Breach,2018,4.9,29227291
751,China,Healthcare,Zero-Day Exploit,2015,1.06,26605
752,Singapore,Manufacturing,SQL Injection,2020,13.15,28872653
753,Russia,Finance,Data Breach,2021,4.95,48682199
754,Russia,Healthcare,DDoS,2018,2.34,13412613
755,Israel,Government,Phishing,2022,1.17,30613158
756,United Kingdom,Finance,Ransomware,2016,7.61,18427691
757,India,Transportation,Phishing,2024,4.85,49203842
758,Russia,Education,DDoS,2017,3.93,32756650
759,United States,Technology,SQL Injection,2016,10.59,33391785
760,China,Technology,Zero-Day Exploit,2017,7.49,42471308
761,France,Healthcare,Phishing,2017,1.24,17750531
762,United Kingdom,Manufacturing,Data Breach,2018,2.18,44280348
763,France,Energy,Insider Threat,2017,1.79,25103173
764,United States,Healthcare,Supply Chain Attack,2022,6.63,34822165
765,India,Transportation,DDoS,2023,0.65,37239347
766,South Korea,Retail,Ransomware,2021,4.3,46645244
767,Russia,Manufacturing,Zero-Day Exploit,2021,6.97,30513647
768,Germany,Healthcare,Ransomware,2022,9.92,35580714
769,United States,Government,DDoS,2016,2.38,4638346
770,Singapore,Retail,Data Breach,2022,8.25,25214708
771,United Kingdom,Government,Ransomware,2023,1.03,8378000
772,China,Finance,Phishing,2016,8.93,35764718
773,United States,Education,Ransomware,2017,1.11,31369641
774,India,Healthcare,Phishing,2020,2.78,19308512
775,India,Energy,Phishing,2017,7.68,31133690
776,United States,Finance,Supply Chain Attack,2018,1.23,44033193
777,Saudi Arabia,Telecommunications,Data Breach,2017,1.67,21153033
778,Australia,Finance,Ransomware,2023,6.26,47598309
779,Russia,Healthcare,Phishing,2021,6.23,39161955
780,United States,Government,DDoS,2023,5.11,9189689
781,Brazil,Transportation,Ransomware,2022,5.83,14632887
782,Russia,Education,SQL Injection,2024,4.02,19717820
783,Germany,Transportation,Phishing,2023,1.81,4935090
784,Russia,Finance,Data Breach,2024,2.41,14100319
785,China,Energy,Insider Threat,2018,1.4,32242132
786,Brazil,Finance,Man-in-the-Middle,2022,11.26,26628032
787,Iran,Government,Credential Stuffing,2023,4.44,24835223
788,China,Finance,Supply Chain Attack,2015,2.81,22499193
789,India,Retail,Insider Threat,2022,3.29,42514133
790,China,Finance,Data Breach,2020,13.74,7760104
791,Australia,Healthcare,Data Breach,2019,1.25,13429834
792,Russia,Government,DDoS,2021,4.47,48302965
793,Canada,Government,Credential Stuffing,2022,3.67,30680537
794,Japan,Education,Zero-Day Exploit,2021,4.75,14268888
795,China,Healthcare,Man-in-the-Middle,2024,0.58,29243272
796,France,Energy,Ransomware,2023,9.76,48984642
797,Russia,Retail,Ransomware,2023,12.6,36147981
798,South Korea,Education,Credential Stuffing,2017,4.25,43531998
799,Russia,Finance,Ransomware,2023,5.87,17795859
800,Brazil,Retail,Zero-Day Exploit,2019,12.01,6774970
801,China,Technology,Credential Stuffing,2017,6.03,30513476
802,China,Transportation,Ransomware,2019,1.24,40659059
803,India,Technology,DDoS,2023,4.36,45368217
804,Mexico,Transportation,Man-in-the-Middle,2022,4.7,29679049
805,Russia,Healthcare,Ransomware,2022,2.98,21004550
806,United States,Manufacturing,Data Breach,2017,6.5,17899205
807,India,Government,Ransomware,2019,12.76,9137919
808,China,Healthcare,Ransomware,2015,12.19,36813413
809,India,Manufacturing,Data Breach,2022,3.2,45893616
810,India,Finance,Insider Threat,2024,1.04,6524467
811,Russia,Transportation,Phishing,2017,19.35,18962344
812,China,Healthcare,Data Breach,2019,8.72,38358490
813,United States,Finance,Ransomware,2017,1.1,37042456
814,Germany,Energy,Man-in-the-Middle,2023,11.91,17550154
815,India,Education,Man-in-the-Middle,2022,9.68,261520
816,China,Manufacturing,Phishing,2023,3.79,34032375
817,France,Education,SQL Injection,2020,4.53,4530043
818,United States,Retail,Credential Stuffing,2024,2.79,10648864
819,Germany,Finance,Data Breach,2023,0.75,13930433
820,Germany,Transportation,Supply Chain Attack,2023,2.34,12979613
821,Brazil,Education,Data Breach,2016,7.81,10454014
822,China,Healthcare,Supply Chain Attack,2023,0.52,4775933
823,United Kingdom,Government,DDoS,2022,2.33,32123107
824,Brazil,Government,Man-in-the-Middle,2023,2.79,31522410
825,Iran,Retail,SQL Injection,2018,3.97,45790733
826,Russia,Finance,Ransomware,2022,11.86,37742226
827,United States,Healthcare,Man-in-the-Middle,2022,2.41,43156120
828,Russia,Manufacturing,Data Breach,2017,2.42,36654366
829,India,Finance,Zero-Day Exploit,2022,6.52,43199113
830,Japan,Transportation,Ransomware,2021,3.21,23548474
831,Japan,Retail,DDoS,2015,1.64,37119039
832,Russia,Government,Phishing,2016,3.21,4299589
833,India,Government,Phishing,2024,1.18,3182232
834,Russia,Retail,Data Breach,2017,1.37,29415410
835,Germany,Finance,Ransomware,2019,3.6,3440963
836,Russia,Retail,Zero-Day Exploit,2020,2.94,31037693
837,United Kingdom,Energy,Man-in-the-Middle,2020,11.58,30063251
838,United States,Technology,Ransomware,2019,2.53,13435330
839,Russia,Government,Phishing,2020,4.41,41540854
840,Singapore,Finance,Phishing,2019,5.0,6637548
841,China,Healthcare,Phishing,2024,0.56,44981923
842,Germany,Technology,Data Breach,2018,5.4,40690112
843,United Kingdom,Finance,SQL Injection,2015,1.38,46709729
844,Japan,Finance,Data Breach,2024,15.11,33698907
845,Japan,Government,DDoS,2024,1.22,39268480
846,Japan,Telecommunications,Ransomware,2023,2.91,37784023
847,China,Energy,Ransomware,2015,0.9,38738116
848,China,Healthcare,Zero-Day Exploit,2024,26.46,39466525
849,Germany,Government,Phishing,2024,3.64,28245502
850,France,Government,Data Breach,2020,4.57,18295876
851,Japan,Finance,Supply Chain Attack,2020,0.81,35448952
852,United States,Transportation,Zero-Day Exploit,2017,6.74,7069322
853,United States,Energy,Zero-Day Exploit,2018,1.56,24435522
854,United Kingdom,Finance,Phishing,2021,10.77,17319113
855,Australia,Telecommunications,Phishing,2016,1.53,29428881
856,Mexico,Technology,Ransomware,2022,1.45,25858213
857,France,Energy,Zero-Day Exploit,2016,0.67,11926206
858,Russia,Retail,Phishing,2023,3.37,40112174
859,United States,Healthcare,Man-in-the-Middle,2024,4.24,38991058
860,United Kingdom,Finance,SQL Injection,2020,0.81,24416693
861,Japan,Healthcare,Credential Stuffing,2024,7.22,18573534
862,Russia,Finance,Phishing,2015,3.22,28849956
863,Germany,Healthcare,Zero-Day Exploit,2018,3.84,14387910
864,Canada,Finance,Ransomware,2017,3.12,34106758
865,United States,Finance,Ransomware,2019,2.8,41069314
866,Brazil,Education,SQL Injection,2022,4.19,21876223
867,China,Healthcare,Ransomware,2024,1.26,9669604
868,China,Finance,Ransomware,2020,1.4,23916924
869,United States,Government,Phishing,2019,9.41,7707790
870,India,Government,Phishing,2024,13.64,7003721
871,India,Education,Phishing,2023,2.6,43983543
872,France,Finance,Credential Stuffing,2022,1.92,37357606
873,United States,Finance,Ransomware,2022,5.15,40971042
874,United States,Transportation,Phishing,2018,2.86,12534934
875,Japan,Government,SQL Injection,2023,0.62,14036965
876,United Kingdom,Education,Phishing,2019,1.26,7467233
877,China,Healthcare,Data Breach,2018,6.16,26709027
878,Australia,Government,Data Breach,2017,5.34,35332776
879,United States,Finance,Phishing,2022,0.62,21559653
880,Russia,Healthcare,SQL Injection,2024,1.63,45084677
881,China,Energy,DDoS,2020,1.68,1180959
882,China,Telecommunications,Data Breach,2021,5.51,12976457
883,United States,Finance,Man-in-the-Middle,2024,0.59,28692768
884,Brazil,Energy,Ransomware,2022,0.99,40287746
885,Canada,Government,Man-in-the-Middle,2020,7.74,1980525
886,United Kingdom,Finance,DDoS,2024,1.39,40996053
887,United States,Transportation,Data Breach,2019,5.26,31505159
888,Russia,Telecommunications,Phishing,2016,1.72,41632345
889,China,Education,SQL Injection,2021,0.97,41248952
890,India,Healthcare,Phishing,2022,1.75,15270036
891,United Kingdom,Education,Man-in-the-Middle,2024,6.26,43404882
892,Russia,Manufacturing,Man-in-the-Middle,2020,9.21,16399273
893,China,Government,Phishing,2020,8.48,32754771
894,Japan,Retail,SQL Injection,2018,2.78,2941716
895,United States,Energy,Data Breach,2018,5.46,39158829
896,China,Manufacturing,Man-in-the-Middle,2021,1.53,23883240
897,Russia,Healthcare,Man-in-the-Middle,2017,2.06,49538129
898,China,Education,Ransomware,2023,10.7,18856253
899,India,Finance,Zero-Day Exploit,2019,0.56,45684512
900,India,Government,Phishing,2020,0.9,25693264
901,Saudi Arabia,Technology,DDoS,2017,1.55,43190626
902,China,Government,Ransomware,2021,0.62,10815823
903,Ukraine,Healthcare,Ransomware,2023,1.4,43891837
904,United Kingdom,Healthcare,SQL Injection,2023,4.44,13608619
905,China,Retail,Phishing,2021,2.96,1079137
906,India,Education,Ransomware,2015,10.54,45896050
907,United Kingdom,Finance,Data Breach,2015,8.15,37706483
908,Germany,Transportation,Phishing,2024,2.38,36709732
909,United States,Finance,Phishing,2023,1.85,16889352
910,India,Healthcare,Data Breach,2021,2.65,44327959
911,Russia,Education,Ransomware,2017,4.52,889794
912,Canada,Government,SQL Injection,2020,1.9,17367664
913,China,Retail,Data Breach,2023,4.9,49554395
914,Brazil,Healthcare,Credential Stuffing,2016,2.87,26537370
915,United Kingdom,Education,Ransomware,2017,4.11,41249614
916,China,Finance,DDoS,2021,3.08,42852261
917,United Kingdom,Finance,Phishing,2021,2.07,10529022
918,United Kingdom,Retail,SQL Injection,2021,13.84,37621513
919,United Kingdom,Transportation,Ransomware,2023,6.99,4467901
920,Germany,Manufacturing,Credential Stuffing,2022,1.18,44152605
921,United Kingdom,Government,Phishing,2021,9.63,44068769
922,Japan,Healthcare,DDoS,2017,3.51,46017809
923,United Kingdom,Technology,Phishing,2015,10.62,693564
924,Canada,Government,Ransomware,2023,7.74,9107438
925,United Kingdom,Government,Man-in-the-Middle,2024,2.99,35131947
926,China,Finance,DDoS,2023,0.6,37817195
927,Russia,Government,Data Breach,2021,1.91,37148356
928,India,Telecommunications,DDoS,2018,4.01,15872728
929,Germany,Manufacturing,DDoS,2016,5.02,21445539
930,United States,Healthcare,Man-in-the-Middle,2021,1.84,24814153
931,China,Energy,Phishing,2018,1.18,34912888
932,France,Government,Phishing,2021,8.61,18293035
933,United States,Telecommunications,Phishing,2018,19.22,20918742
934,United States,Technology,SQL Injection,2016,3.86,25982041
935,India,Finance,Phishing,2016,1.35,34392098
936,Singapore,Technology,Insider Threat,2024,1.93,40197048
937,India,Telecommunications,Credential Stuffing,2020,0.58,43099683
938,Australia,Government,Zero-Day Exploit,2021,11.56,8483163
939,Brazil,Manufacturing,Credential Stuffing,2019,1.06,8123255
940,China,Healthcare,Data Breach,2019,4.37,2336898
941,Brazil,Education,DDoS,2023,1.94,29550165
942,Russia,Healthcare,Zero-Day Exploit,2018,4.14,49070784
943,Brazil,Finance,Supply Chain Attack,2023,5.24,18935660
944,France,Government,DDoS,2015,8.47,28546813
945,China,Manufacturing,Ransomware,2022,1.54,13395437
946,United States,Telecommunications,Data Breach,2018,0.55,18511744
947,Netherlands,Healthcare,Supply Chain Attack,2021,1.16,37376601
948,United States,Transportation,Credential Stuffing,2021,10.86,43986823
949,Singapore,Energy,Supply Chain Attack,2020,9.82,3144887
950,Japan,Healthcare,Supply Chain Attack,2020,4.59,8347088
951,Germany,Government,Phishing,2020,4.63,45195912
952,Ukraine,Manufacturing,Insider Threat,2019,5.42,43496889
953,Singapore,Government,Zero-Day Exploit,2015,1.37,44221354
954,Brazil,Education,Ransomware,2017,11.56,41547258
955,China,Energy,Phishing,2015,2.94,25622028
956,France,Energy,Supply Chain Attack,2018,2.67,8045491
957,United States,Healthcare,Insider Threat,2022,3.79,42177225
958,India,Finance,Phishing,2024,0.72,9146879
959,Russia,Government,Zero-Day Exploit,2018,1.32,498195
960,United Kingdom,Education,Man-in-the-Middle,2020,6.53,44110601
961,United Kingdom,Healthcare,DDoS,2023,0.89,30046321
962,India,Technology,Ransomware,2024,4.66,43433564
963,Brazil,Technology,Ransomware,2020,1.77,25187500
964,South Korea,Finance,Ransomware,2019,2.72,12062044
965,United States,Education,Credential Stuffing,2020,2.03,11151970
966,China,Government,Phishing,2020,2.48,44667582
967,United States,Healthcare,Ransomware,2023,6.21,36884795
968,Canada,Healthcare,Phishing,2016,2.09,47173309
969,India,Finance,Phishing,2022,4.26,13911680
970,Australia,Transportation,Ransomware,2021,3.41,3665942
971,China,Technology,Phishing,2023,5.4,44681108
972,United States,Government,SQL Injection,2022,12.93,2791438
973,Brazil,Retail,Man-in-the-Middle,2021,6.44,44129343
974,Australia,Manufacturing,Phishing,2015,1.59,11300159
975,China,Government,DDoS,2024,0.64,31392570
976,Russia,Education,Phishing,2020,1.87,14413288
977,United States,Retail,DDoS,2020,4.57,10689165
978,Italy,Finance,SQL Injection,2019,0.74,11841258
979,China,Healthcare,SQL Injection,2019,3.59,8234125
980,Russia,Finance,Credential Stuffing,2022,4.59,37499655
981,United States,Telecommunications,SQL Injection,2023,2.33,10943436
982,Canada,Healthcare,Man-in-the-Middle,2023,7.13,4768126
983,United States,Energy,SQL Injection,2016,1.01,27329693
984,Russia,Education,Zero-Day Exploit,2022,0.85,20860817
985,United Kingdom,Education,Ransomware,2022,6.36,38390693
986,Germany,Manufacturing,Ransomware,2017,3.58,18557564
987,Italy,Retail,Zero-Day Exploit,2019,5.75,39681196
988,Russia,Government,Ransomware,2015,3.07,44551166
989,Germany,Energy,Zero-Day Exploit,2022,1.77,41264356
990,United States,Healthcare,Credential Stuffing,2022,8.19,14375853
991,Russia,Education,Man-in-the-Middle,2021,7.73,1914080
992,United States,Education,Zero-Day Exploit,2024,5.84,1507494
993,Russia,Technology,DDoS,2016,1.93,36534377
994,Russia,Finance,DDoS,2023,4.51,2712288
995,Italy,Healthcare,Ransomware,2023,2.52,42197405
996,United States,Finance,Data Breach,2023,0.93,38268329
997,China,Manufacturing,Zero-Day Exploit,2022,11.72,48399000
998,Russia,Healthcare,Data Breach,2019,1.16,911013
999,Italy,Finance,Phishing,2015,14.0,35611549
1000,Japan,Finance,Data Breach,2018,3.16,653917
1001,United States,Government,Zero-Day Exploit,2024,1.42,17773749
1002,United Kingdom,Manufacturing,Phishing,2016,4.01,27201210
1003,India,Government,Phishing,2023,9.78,40110383
1004,Ukraine,Finance,Man-in-the-Middle,2016,6.43,4109049
1005,China,Education,Data Breach,2022,7.89,30506186
1006,Russia,Transportation,Zero-Day Exploit,2021,5.34,20981203
1007,United States,Education,Credential Stuffing,2023,5.8,13157687
1008,United States,Energy,SQL Injection,2019,9.01,15216676
1009,Japan,Finance,Ransomware,2023,1.79,7138612
1010,Russia,Healthcare,Phishing,2023,3.52,43440990
1011,United Kingdom,Energy,Phishing,2024,1.63,20813796
1012,United Kingdom,Education,DDoS,2020,20.28,7567576
1013,India,Manufacturing,Phishing,2022,13.48,9335511
1014,United States,Technology,SQL Injection,2024,0.68,3486544
1015,France,Retail,DDoS,2022,6.0,7163457
1016,China,Finance,Phishing,2022,12.17,29176012
1017,United States,Retail,DDoS,2018,1.4,44038738
1018,India,Retail,Man-in-the-Middle,2022,4.28,32972646
1019,United States,Healthcare,Ransomware,2022,11.62,39063697
1020,France,Education,Supply Chain Attack,2023,0.66,38427546
1021,United States,Technology,DDoS,2020,5.88,17245614
1022,United States,Healthcare,Ransomware,2021,2.09,4330553
1023,Japan,Education,SQL Injection,2019,12.12,42931791
1024,China,Government,Man-in-the-Middle,2020,16.44,5171088
1025,United States,Government,DDoS,2020,13.49,36872189
1026,Canada,Government,Ransomware,2016,3.39,36891172
1027,United States,Manufacturing,SQL Injection,2018,9.41,15526498
1028,Japan,Healthcare,Ransomware,2019,8.88,38555270
1029,United States,Healthcare,Credential Stuffing,2016,2.23,31508091
1030,United States,Finance,Man-in-the-Middle,2021,8.45,2660991
1031,China,Finance,Ransomware,2019,0.67,15173191
1032,United States,Manufacturing,Phishing,2018,4.58,23773235
1033,United Kingdom,Retail,Data Breach,2018,1.68,21393483
1034,United States,Technology,DDoS,2019,1.08,25725043
1035,United States,Education,DDoS,2018,0.86,15978142
1036,France,Education,Data Breach,2023,5.86,22775860
1037,China,Education,Supply Chain Attack,2024,2.37,14514518
1038,China,Energy,DDoS,2022,6.31,19119410
1039,United States,Healthcare,Zero-Day Exploit,2022,0.8,2192371
1040,United States,Government,Phishing,2022,2.2,49087858
1041,Germany,Healthcare,Phishing,2024,3.99,49625948
1042,India,Technology,Data Breach,2024,7.54,30183493
1043,Germany,Transportation,Data Breach,2021,2.23,19622692
1044,Russia,Government,Man-in-the-Middle,2015,4.92,20733874
1045,France,Finance,DDoS,2023,10.27,38790973
1046,Russia,Government,Phishing,2024,4.81,23119527
1047,United States,Technology,DDoS,2017,1.69,44975502
1048,Russia,Manufacturing,Phishing,2020,0.61,26367912
1049,Italy,Retail,Data Breach,2024,9.68,39385584
1050,United States,Energy,Phishing,2022,0.6,9979054
1051,France,Government,Zero-Day Exploit,2015,9.85,47240245
1052,Japan,Energy,Insider Threat,2021,3.89,46378061
1053,India,Healthcare,Data Breach,2021,13.09,36808981
1054,Russia,Technology,DDoS,2023,7.72,8994106
1055,Netherlands,Finance,SQL Injection,2021,28.32,21085226
1056,United States,Technology,Ransomware,2018,2.44,9976222
1057,Russia,Healthcare,Phishing,2016,7.06,20100234
1058,Russia,Finance,Supply Chain Attack,2016,2.81,38826342
1059,United Kingdom,Healthcare,Data Breach,2017,3.44,38489903
1060,Russia,Healthcare,Phishing,2022,4.94,260202
1061,Australia,Healthcare,Man-in-the-Middle,2015,9.81,16091284
1062,United States,Energy,Zero-Day Exploit,2023,19.13,22294141
1063,United States,Technology,DDoS,2022,7.08,39373060
1064,United Kingdom,Healthcare,Ransomware,2016,2.93,41768904
1065,United States,Technology,Phishing,2024,2.96,42090771
1066,China,Energy,Ransomware,2024,6.52,1343154
1067,United Kingdom,Healthcare,Data Breach,2024,1.73,10722405
1068,India,Healthcare,Phishing,2023,1.03,3159116
1069,China,Technology,Credential Stuffing,2018,2.47,18503650
1070,Saudi Arabia,Education,SQL Injection,2022,2.02,18624515
1071,India,Healthcare,Phishing,2023,2.08,35283719
1072,Russia,Healthcare,Phishing,2022,1.7,11716483
1073,India,Finance,Phishing,2022,0.69,21238911
1074,United States,Healthcare,Man-in-the-Middle,2024,0.58,22594992
1075,Germany,Retail,Data Breach,2023,20.3,20237412
1076,Japan,Energy,Ransomware,2021,3.01,1330463
1077,United Kingdom,Technology,Phishing,2017,2.68,3446939
1078,France,Transportation,Ransomware,2017,5.62,36668038
1079,Germany,Finance,Phishing,2024,1.61,29463763
1080,United States,Manufacturing,Data Breach,2024,13.98,24944513
1081,Russia,Finance,Data Breach,2023,7.45,32458887
1082,China,Government,Phishing,2021,0.92,13928540
1083,China,Healthcare,Ransomware,2022,2.93,46860092
1084,Russia,Technology,Zero-Day Exploit,2024,10.01,4589469
1085,Russia,Transportation,Phishing,2024,13.53,3258083
1086,United States,Transportation,Ransomware,2021,3.33,6902166
1087,Russia,Government,Ransomware,2023,4.78,22851193
1088,United Kingdom,Finance,Zero-Day Exploit,2023,1.32,12042958
1089,China,Education,Data Breach,2024,21.78,41588183
1090,United States,Energy,DDoS,2024,1.69,16578840
1091,Australia,Finance,Phishing,2024,13.37,45520647
1092,United States,Education,Insider Threat,2019,5.22,37185703
1093,Brazil,Healthcare,SQL Injection,2017,4.71,7973255
1094,United States,Education,Phishing,2023,3.73,10627863
1095,United States,Healthcare,Man-in-the-Middle,2021,1.68,38531352
1096,Germany,Finance,Man-in-the-Middle,2024,1.37,37297717
1097,Brazil,Finance,Zero-Day Exploit,2020,1.62,44300821
1098,India,Finance,Data Breach,2021,1.43,28021749
1099,India,Manufacturing,DDoS,2024,7.31,25880185
1100,India,Education,Ransomware,2022,2.44,45713573
1101,China,Telecommunications,Phishing,2021,0.77,22545528
1102,United States,Healthcare,Ransomware,2021,16.15,46369251
1103,China,Finance,Insider Threat,2020,10.19,33578895
1104,United Kingdom,Education,Data Breach,2015,12.32,16037578
1105,France,Energy,Credential Stuffing,2018,24.26,8783506
1106,Japan,Government,DDoS,2023,1.36,2046090
1107,Germany,Education,Insider Threat,2019,2.77,38733184
1108,Singapore,Government,Ransomware,2016,6.89,33313689
1109,India,Transportation,Supply Chain Attack,2021,5.86,1385149
1110,China,Finance,Zero-Day Exploit,2021,1.25,10487480
1111,India,Government,DDoS,2016,8.11,39121780
1112,United States,Government,Ransomware,2023,1.64,1498547
1113,United Kingdom,Finance,Supply Chain Attack,2023,1.64,45184287
1114,China,Finance,Phishing,2020,3.96,30053122
1115,United States,Healthcare,SQL Injection,2016,4.54,18322604
1116,Japan,Telecommunications,Credential Stuffing,2022,4.4,12491330
1117,China,Healthcare,Man-in-the-Middle,2016,0.93,31135793
1118,France,Healthcare,DDoS,2022,9.95,31637704
1119,India,Healthcare,Ransomware,2016,1.89,49601125
1120,Brazil,Energy,Phishing,2017,1.12,18372439
1121,Japan,Energy,Phishing,2024,10.38,29380883
1122,Singapore,Education,Phishing,2022,14.52,10387793
1123,Brazil,Healthcare,Data Breach,2022,9.42,48127134
1124,United Kingdom,Finance,Credential Stuffing,2023,7.96,5264582
1125,United Kingdom,Healthcare,Phishing,2022,5.29,32329757
1126,United States,Finance,Man-in-the-Middle,2020,4.1,29235229
1127,South Korea,Retail,Phishing,2024,0.91,39684690
1128,Brazil,Finance,DDoS,2017,2.86,7219255
1129,China,Telecommunications,Zero-Day Exploit,2023,2.6,40371813
1130,United States,Government,DDoS,2020,1.85,20884876
1131,Germany,Education,Zero-Day Exploit,2024,6.28,16948552
1132,China,Finance,Zero-Day Exploit,2022,3.58,19787445
1133,China,Technology,Phishing,2023,0.88,33644275
1134,United States,Finance,SQL Injection,2022,1.62,46585319
1135,Japan,Healthcare,Data Breach,2016,5.67,24203503
1136,India,Technology,Credential Stuffing,2016,0.86,20890240
1137,Russia,Government,SQL Injection,2020,9.07,35509738
1138,United States,Retail,Phishing,2023,3.58,1138522
1139,United Kingdom,Finance,DDoS,2019,3.45,758895
1140,United States,Telecommunications,Ransomware,2023,4.54,46951912
1141,Germany,Education,DDoS,2023,8.34,19735133
1142,United States,Healthcare,Ransomware,2020,2.42,13962413
1143,Russia,Government,Phishing,2020,5.6,12872974
1144,China,Retail,Data Breach,2016,4.25,12482484
1145,China,Healthcare,Insider Threat,2024,1.9,21291469
1146,Germany,Healthcare,Phishing,2022,9.99,13127404
1147,France,Government,Phishing,2018,7.68,12186628
1148,India,Retail,Ransomware,2019,5.33,22876231
1149,United States,Healthcare,Phishing,2024,9.05,20549831
1150,United States,Transportation,Ransomware,2022,9.59,2942709
1151,United States,Telecommunications,Phishing,2021,6.05,10188908
1152,United Kingdom,Healthcare,SQL Injection,2019,8.66,24936097
1153,United Kingdom,Telecommunications,Man-in-the-Middle,2020,5.88,25590556
1154,China,Finance,Data Breach,2017,5.63,15901824
1155,United Kingdom,Retail,Data Breach,2024,4.84,35127264
1156,Russia,Telecommunications,Phishing,2022,6.79,27106517
1157,Russia,Healthcare,DDoS,2023,1.28,9898545
1158,China,Technology,Supply Chain Attack,2022,10.07,24794108
1159,France,Energy,Ransomware,2022,9.75,30719218
1160,United States,Finance,Phishing,2018,0.63,13834729
1161,Russia,Energy,Phishing,2022,8.36,2740955
1162,China,Education,DDoS,2024,1.12,43434765
1163,United Kingdom,Finance,DDoS,2024,2.34,37304754
1164,Russia,Technology,Zero-Day Exploit,2023,6.62,1380288
1165,United Kingdom,Retail,Phishing,2019,1.29,11516263
1166,United States,Government,SQL Injection,2022,8.17,7530677
1167,China,Government,SQL Injection,2020,8.53,19837781
1168,India,Retail,Phishing,2018,3.69,23500316
1169,United States,Government,Ransomware,2019,0.53,7770132
1170,China,Government,Credential Stuffing,2022,2.02,45112591
1171,United States,Finance,Supply Chain Attack,2015,4.82,32304458
1172,United States,Energy,Data Breach,2021,18.38,2818867
1173,China,Healthcare,Data Breach,2019,5.0,47474662
1174,China,Finance,Phishing,2016,1.85,39418581
1175,United States,Education,Phishing,2015,5.02,9851041
1176,France,Retail,Insider Threat,2022,3.99,8958925
1177,United States,Healthcare,Phishing,2017,7.31,5531152
1178,China,Healthcare,Phishing,2017,1.01,6321101
1179,Germany,Healthcare,Phishing,2024,6.94,14235445
1180,Russia,Healthcare,SQL Injection,2020,4.01,27294749
1181,Brazil,Retail,Ransomware,2023,15.33,17201506
1182,Brazil,Telecommunications,Data Breach,2023,2.38,23520887
1183,United States,Government,Ransomware,2020,5.01,30825117
1184,Japan,Retail,Phishing,2021,12.6,30249171
1185,United States,Healthcare,DDoS,2017,0.99,37027228
1186,United States,Retail,Insider Threat,2021,12.96,35675209
1187,Australia,Healthcare,Ransomware,2022,5.74,32023514
1188,Japan,Healthcare,Insider Threat,2023,0.82,28388913
1189,India,Energy,Data Breach,2018,2.11,30117828
1190,India,Energy,Data Breach,2021,6.04,10405015
1191,Germany,Technology,Phishing,2021,0.81,41078664
1192,Russia,Finance,Supply Chain Attack,2021,4.43,25072235
1193,United States,Retail,Ransomware,2022,2.41,12350351
1194,United States,Education,Data Breach,2024,4.86,18881733
1195,China,Finance,Man-in-the-Middle,2017,0.71,22226920
1196,Brazil,Government,Ransomware,2019,9.73,46153177
1197,United Kingdom,Technology,Phishing,2021,16.84,17675944
1198,Brazil,Education,Insider Threat,2024,16.11,37315586
1199,Australia,Transportation,Data Breach,2023,6.73,2396816
1200,United States,Healthcare,Ransomware,2021,1.13,48225004
1201,Japan,Government,Ransomware,2022,6.89,32121987
1202,China,Manufacturing,Zero-Day Exploit,2020,0.61,10944225
1203,India,Government,Zero-Day Exploit,2022,0.6,26235558
1204,India,Finance,DDoS,2016,2.26,27509377
1205,China,Government,DDoS,2019,3.52,43288789
1206,China,Government,Zero-Day Exploit,2018,7.12,26167599
1207,China,Healthcare,DDoS,2023,5.67,2057344
1208,China,Education,Data Breach,2022,3.16,14842598
1209,United States,Manufacturing,Phishing,2023,1.94,2708029
1210,Russia,Finance,Phishing,2023,26.83,14240540
1211,United States,Energy,Ransomware,2020,3.0,45791584
1212,Russia,Education,Credential Stuffing,2023,3.2,44117889
1213,Australia,Healthcare,Supply Chain Attack,2022,1.3,37827045
1214,China,Energy,Zero-Day Exploit,2023,7.63,20115985
1215,Germany,Government,Phishing,2024,5.82,42567292
1216,Brazil,Healthcare,Data Breach,2024,1.62,25079574
1217,Brazil,Retail,DDoS,2023,0.89,44188912
1218,China,Retail,Credential Stuffing,2017,5.63,7738767
1219,United States,Retail,Data Breach,2018,5.28,35858842
1220,United States,Education,DDoS,2023,1.94,32096826
1221,India,Government,Man-in-the-Middle,2024,14.06,976364
1222,France,Technology,DDoS,2020,1.24,12482277
1223,United Kingdom,Education,Supply Chain Attack,2024,3.05,32507424
1224,United States,Government,Ransomware,2016,13.44,12869465
1225,France,Education,Phishing,2019,2.95,41878412
1226,Russia,Telecommunications,Data Breach,2021,5.08,7299343
1227,France,Retail,Phishing,2016,2.78,47258275
1228,France,Government,DDoS,2019,1.94,37482626
1229,Russia,Telecommunications,Ransomware,2023,19.1,11354191
1230,Australia,Finance,Credential Stuffing,2015,2.87,22573202
1231,India,Healthcare,DDoS,2017,10.6,29585637
1232,United Kingdom,Healthcare,SQL Injection,2024,1.68,40085955
1233,United Kingdom,Technology,Insider Threat,2019,1.58,38739888
1234,Japan,Government,DDoS,2019,0.64,36020381
1235,United Kingdom,Energy,Data Breach,2017,5.25,2933965
1236,United States,Healthcare,Data Breach,2017,2.57,23444367
1237,United States,Manufacturing,Ransomware,2016,9.49,7587245
1238,Russia,Government,Data Breach,2019,3.38,8971022
1239,China,Healthcare,Insider Threat,2015,16.02,6147554
1240,China,Government,Data Breach,2018,1.42,7907388
1241,United States,Government,Zero-Day Exploit,2019,9.63,12229893
1242,Russia,Government,Supply Chain Attack,2015,7.24,145793
1243,China,Retail,Phishing,2022,7.13,35204266
1244,Russia,Finance,Phishing,2020,8.88,12076898
1245,United States,Retail,Data Breach,2016,6.94,9299497
1246,Brazil,Retail,DDoS,2023,4.93,17662937
1247,United States,Manufacturing,Ransomware,2021,1.13,15244954
1248,Japan,Healthcare,Phishing,2024,0.65,12881830
1249,Japan,Finance,Zero-Day Exploit,2023,11.91,13543014
1250,United Kingdom,Finance,Credential Stuffing,2023,4.81,24840317
1251,Russia,Healthcare,SQL Injection,2017,7.67,42647964
1252,Russia,Finance,Data Breach,2019,3.46,15276257
1253,India,Government,Credential Stuffing,2021,1.06,43775640
1254,France,Manufacturing,Credential Stuffing,2023,1.1,4379945
1255,Canada,Education,Ransomware,2022,5.71,7150365
1256,Russia,Manufacturing,Phishing,2021,3.03,1703828
1257,Brazil,Finance,Credential Stuffing,2024,1.51,49802125
1258,United Kingdom,Energy,Ransomware,2023,3.54,4762415
1259,China,Education,Supply Chain Attack,2024,0.8,20154452
1260,Russia,Telecommunications,Supply Chain Attack,2021,4.42,45330981
1261,United States,Government,Phishing,2021,1.91,21555146
1262,United States,Government,Phishing,2016,7.69,17036741
1263,United States,Education,Credential Stuffing,2016,2.17,47815741
1264,Canada,Technology,Phishing,2019,3.23,15835832
1265,China,Healthcare,DDoS,2021,0.55,7604423
1266,Germany,Retail,Phishing,2024,0.84,4494993
1267,Russia,Finance,Data Breach,2023,2.74,13292175
1268,United States,Education,Insider Threat,2023,3.44,49475352
1269,China,Energy,Man-in-the-Middle,2022,4.62,9019166
1270,Russia,Finance,Insider Threat,2024,2.05,35999445
1271,Russia,Retail,Data Breach,2022,5.84,6505038
1272,India,Government,Ransomware,2024,9.35,7131490
1273,United States,Government,Data Breach,2021,7.31,3787232
1274,China,Education,Phishing,2022,0.68,32281567
1275,China,Technology,Supply Chain Attack,2021,3.45,25961835
1276,Russia,Technology,Ransomware,2023,1.0,29959877
1277,China,Technology,DDoS,2018,1.75,26891164
1278,India,Education,Supply Chain Attack,2024,19.93,25594834
1279,France,Finance,Ransomware,2020,1.19,28435884
1280,United Kingdom,Healthcare,Ransomware,2022,3.61,20815062
1281,United States,Telecommunications,SQL Injection,2021,4.83,33635703
1282,United States,Government,Credential Stuffing,2024,5.96,18960764
1283,United Kingdom,Finance,Insider Threat,2020,4.19,34743670
1284,China,Energy,Credential Stuffing,2019,0.54,2249576
1285,Germany,Healthcare,Ransomware,2024,2.28,14921699
1286,United Kingdom,Technology,DDoS,2016,3.78,13963691
1287,Australia,Healthcare,Phishing,2020,0.91,9840950
1288,Japan,Finance,SQL Injection,2019,2.44,37018426
1289,China,Healthcare,Ransomware,2019,0.65,34337790
1290,India,Technology,Zero-Day Exploit,2022,0.87,18674315
1291,United States,Government,SQL Injection,2017,2.78,30580803
1292,China,Finance,Data Breach,2022,1.14,36407421
1293,Singapore,Technology,Ransomware,2023,4.27,9749281
1294,Germany,Retail,Data Breach,2022,5.76,40926390
1295,China,Finance,Zero-Day Exploit,2016,7.76,10266595
1296,India,Technology,Phishing,2022,1.5,32054029
1297,South Korea,Government,DDoS,2021,1.32,2337280
1298,China,Education,Man-in-the-Middle,2020,1.0,3485962
1299,China,Finance,Zero-Day Exploit,2022,5.05,21012356
1300,France,Government,Phishing,2020,6.02,22306870
1301,Brazil,Retail,SQL Injection,2022,0.64,12792136
1302,United Kingdom,Government,Data Breach,2020,12.88,15310532
1303,Brazil,Energy,SQL Injection,2016,0.74,2757498
1304,Germany,Finance,DDoS,2016,4.01,33943274
1305,United Kingdom,Healthcare,Ransomware,2022,6.06,44265085
1306,India,Energy,Ransomware,2016,9.71,25808835
1307,United Kingdom,Manufacturing,Phishing,2023,6.13,32805487
1308,Russia,Education,Man-in-the-Middle,2021,7.78,34231467
1309,China,Finance,Zero-Day Exploit,2023,2.37,10073832
1310,China,Transportation,Ransomware,2023,8.09,11512013
1311,United States,Energy,Ransomware,2018,0.88,13015871
1312,United States,Government,DDoS,2019,10.63,29239256
1313,Italy,Transportation,Phishing,2020,4.07,7793704
1314,Russia,Education,Credential Stuffing,2023,8.15,401172
1315,China,Retail,Man-in-the-Middle,2017,3.21,40277373
1316,United States,Energy,Phishing,2021,5.14,16675048
1317,United States,Government,Ransomware,2019,3.86,35650169
1318,Japan,Education,SQL Injection,2020,6.42,19565618
1319,United States,Retail,Ransomware,2016,0.88,32799088
1320,France,Education,Credential Stuffing,2021,0.78,42899150
1321,Brazil,Government,Data Breach,2016,1.78,45464442
1322,Canada,Healthcare,Phishing,2022,1.28,25909188
1323,United States,Healthcare,Phishing,2022,9.74,15140686
1324,China,Retail,Phishing,2019,1.61,4859733
1325,France,Finance,DDoS,2017,17.26,38023384
1326,United States,Government,Zero-Day Exploit,2021,2.35,7742337
1327,China,Finance,SQL Injection,2022,1.4,23527293
1328,United States,Technology,Data Breach,2018,7.52,48405130
1329,Brazil,Healthcare,Data Breach,2019,5.34,31738884
1330,France,Finance,Zero-Day Exploit,2020,3.6,49106685
1331,Brazil,Government,Ransomware,2020,4.15,17196819
1332,United States,Technology,Phishing,2024,6.22,6488100
1333,Russia,Retail,Phishing,2023,1.67,24363860
1334,Russia,Finance,Phishing,2023,25.74,14395913
1335,United Kingdom,Retail,Phishing,2021,17.06,41873381
1336,China,Government,Phishing,2020,5.23,45123028
1337,Russia,Healthcare,Supply Chain Attack,2021,1.5,41163497
1338,China,Finance,Ransomware,2016,5.63,16935569
1339,France,Finance,Data Breach,2023,0.84,3211469
1340,Russia,Technology,DDoS,2019,0.64,1659637
1341,India,Government,DDoS,2015,1.84,34834430
1342,China,Education,Phishing,2023,3.29,2364940
1343,Brazil,Government,Zero-Day Exploit,2019,9.62,34325675
1344,Russia,Retail,SQL Injection,2020,6.35,40252479
1345,Brazil,Healthcare,Ransomware,2020,6.61,20683693
1346,China,Healthcare,Phishing,2023,2.99,15267700
1347,Italy,Healthcare,DDoS,2019,2.41,46434138
1348,Iran,Finance,Data Breach,2024,2.59,49149952
1349,Russia,Technology,Ransomware,2022,20.27,1461533
1350,China,Retail,Phishing,2023,0.68,36903081
1351,China,Finance,Phishing,2019,9.58,15460401
1352,India,Technology,Data Breach,2019,4.39,31275257
1353,Singapore,Transportation,Phishing,2018,3.1,43269465
1354,Brazil,Government,Zero-Day Exploit,2023,6.31,10536573
1355,Brazil,Healthcare,Zero-Day Exploit,2023,3.5,7753738
1356,United States,Technology,Insider Threat,2015,9.8,28107974
1357,China,Healthcare,DDoS,2017,10.89,34543254
1358,United Kingdom,Retail,Data Breach,2023,2.96,18814714
1359,Japan,Manufacturing,Ransomware,2020,1.96,14533651
1360,India,Manufacturing,Phishing,2023,4.54,3527210
1361,United States,Government,Ransomware,2024,11.46,37844171
1362,Japan,Government,Credential Stuffing,2023,1.56,23176213
1363,Japan,Retail,Phishing,2023,4.89,34620092
1364,China,Healthcare,Phishing,2018,4.99,23966520
1365,France,Transportation,Credential Stuffing,2020,6.44,40261964
1366,China,Energy,Data Breach,2023,1.13,41903597
1367,Canada,Healthcare,Ransomware,2016,6.16,23711514
1368,United States,Healthcare,Data Breach,2020,11.29,7389534
1369,Russia,Energy,Ransomware,2019,1.39,16868972
1370,Italy,Transportation,Credential Stuffing,2022,1.72,35717298
1371,China,Education,Ransomware,2018,16.49,353253
1372,Russia,Technology,Supply Chain Attack,2016,1.4,40279036
1373,China,Transportation,Phishing,2022,9.17,20231024
1374,United States,Transportation,Phishing,2022,3.55,31339670
1375,United States,Finance,Phishing,2017,1.78,46073117
1376,Russia,Manufacturing,Phishing,2018,9.71,988038
1377,China,Finance,Zero-Day Exploit,2018,3.15,7074633
1378,Saudi Arabia,Healthcare,Zero-Day Exploit,2019,3.75,30296294
1379,China,Technology,SQL Injection,2024,2.5,26147938
1380,United States,Finance,Phishing,2023,4.54,862939
1381,South Korea,Education,DDoS,2020,1.3,49028638
1382,Japan,Government,Credential Stuffing,2024,2.73,43625385
1383,United Kingdom,Energy,Credential Stuffing,2022,16.19,17841683
1384,France,Finance,Man-in-the-Middle,2021,1.84,26272547
1385,United States,Government,Man-in-the-Middle,2020,5.31,33000020
1386,China,Healthcare,Zero-Day Exploit,2023,2.27,461222
1387,Brazil,Finance,Data Breach,2022,7.18,34229557
1388,Germany,Transportation,Phishing,2020,1.13,41091500
1389,United States,Government,Phishing,2017,16.25,12498391
1390,Germany,Finance,SQL Injection,2018,3.22,39032367
1391,Russia,Education,DDoS,2023,1.71,31805672
1392,United States,Education,Ransomware,2016,0.84,48804774
1393,United States,Government,Phishing,2020,1.34,47586030
1394,China,Transportation,Ransomware,2024,3.8,35160284
1395,Brazil,Finance,Data Breach,2021,2.35,46708263
1396,India,Government,Data Breach,2024,8.44,48088104
1397,Germany,Retail,Zero-Day Exploit,2021,3.04,17584356
1398,India,Transportation,Credential Stuffing,2021,1.79,6634686
1399,United States,Manufacturing,Insider Threat,2020,4.82,20909759
1400,China,Transportation,Ransomware,2016,6.02,22009506
1401,China,Government,Data Breach,2023,1.32,27609216
1402,United States,Energy,Phishing,2024,1.33,7920437
1403,Russia,Technology,Phishing,2015,0.67,28808815
1404,France,Healthcare,Zero-Day Exploit,2021,6.5,2154928
1405,Russia,Transportation,SQL Injection,2021,5.41,39333260
1406,United States,Retail,SQL Injection,2020,3.4,11982053
1407,Canada,Technology,Phishing,2023,8.87,38847880
1408,India,Retail,SQL Injection,2024,7.87,2785075
1409,United States,Transportation,DDoS,2017,4.46,15629331
1410,Russia,Energy,Ransomware,2024,9.62,8371323
1411,China,Technology,Data Breach,2018,1.54,8840697
1412,United States,Finance,Data Breach,2022,1.03,49901806
1413,Russia,Education,Ransomware,2024,1.91,15724445
1414,United Kingdom,Finance,Phishing,2021,0.76,38466833
1415,China,Transportation,Man-in-the-Middle,2023,3.91,8126592
1416,Russia,Government,Ransomware,2015,12.91,19854342
1417,United Kingdom,Technology,Credential Stuffing,2023,0.68,44087891
1418,United States,Healthcare,Data Breach,2021,1.09,148569
1419,Singapore,Manufacturing,Ransomware,2024,3.21,44280562
1420,United States,Technology,Phishing,2020,12.72,20947871
1421,India,Government,Data Breach,2019,2.21,15774146
1422,Russia,Manufacturing,Data Breach,2017,3.68,13699148
1423,Israel,Government,DDoS,2023,0.69,17293710
1424,India,Telecommunications,Data Breach,2016,1.22,28940083
1425,China,Finance,Zero-Day Exploit,2023,19.92,18868141
1426,Russia,Healthcare,Phishing,2024,15.6,42463252
1427,United Kingdom,Technology,Data Breach,2016,0.52,11092822
1428,Iran,Finance,Phishing,2021,14.15,44589925
1429,China,Finance,Ransomware,2018,5.09,13881083
1430,United States,Manufacturing,Ransomware,2023,9.61,30459194
1431,France,Manufacturing,Phishing,2021,3.23,35973385
1432,China,Retail,Data Breach,2018,3.76,7249227
1433,Germany,Manufacturing,Phishing,2020,3.52,25698173
1434,United Kingdom,Energy,Data Breach,2022,5.45,49440384
1435,France,Government,Data Breach,2020,1.18,14673190
1436,Germany,Healthcare,Data Breach,2023,0.64,40751709
1437,China,Manufacturing,Credential Stuffing,2016,2.16,37938609
1438,United States,Technology,Ransomware,2021,5.99,32845667
1439,India,Transportation,Credential Stuffing,2024,1.51,29703036
1440,Brazil,Government,Zero-Day Exploit,2022,5.54,1129875
1441,United States,Government,Phishing,2020,16.27,34725465
1442,France,Technology,Man-in-the-Middle,2019,0.94,36073461
1443,Russia,Energy,Data Breach,2021,5.52,40158700
1444,Germany,Manufacturing,DDoS,2019,3.14,17637050
1445,United Kingdom,Technology,Ransomware,2017,9.62,38761720
1446,Brazil,Technology,Zero-Day Exploit,2021,1.38,27423652
1447,United States,Energy,Data Breach,2023,5.81,41797112
1448,France,Education,Data Breach,2021,8.69,1872254
1449,Russia,Government,Ransomware,2024,13.52,41459149
1450,China,Retail,Data Breach,2020,5.67,913705
1451,United States,Technology,Data Breach,2023,3.59,19786842
1452,United States,Energy,Supply Chain Attack,2024,4.83,26676323
1453,United States,Government,Phishing,2016,9.64,25182863
1454,South Korea,Healthcare,Credential Stuffing,2022,4.3,10929791
1455,Russia,Healthcare,Phishing,2020,0.64,29666832
1456,Israel,Retail,Phishing,2019,12.53,2032756
1457,India,Retail,Data Breach,2020,5.76,6490850
1458,China,Technology,Phishing,2022,5.58,7221726
1459,France,Healthcare,DDoS,2019,1.59,39908107
1460,United States,Government,Insider Threat,2017,5.34,5198154
1461,China,Retail,Supply Chain Attack,2018,2.75,43210543
1462,France,Finance,Data Breach,2024,5.24,46287249
1463,Japan,Healthcare,Phishing,2017,1.01,35408697
1464,China,Healthcare,Insider Threat,2024,5.33,27413761
1465,United States,Education,DDoS,2017,33.99,31041704
1466,China,Transportation,Ransomware,2023,0.72,33931756
1467,Canada,Technology,Ransomware,2021,17.51,14501048
1468,Germany,Energy,DDoS,2023,2.85,47322280
1469,Canada,Technology,Phishing,2022,9.71,12821190
1470,China,Retail,Supply Chain Attack,2023,7.36,21231038
1471,Singapore,Technology,DDoS,2024,4.27,39875668
1472,Russia,Finance,Data Breach,2022,6.54,8623141
1473,Russia,Government,Data Breach,2022,9.99,27192123
1474,Australia,Energy,Phishing,2023,2.83,34003466
1475,India,Finance,Zero-Day Exploit,2016,2.28,19435201
1476,Brazil,Retail,Zero-Day Exploit,2020,5.46,38796561
1477,Germany,Technology,Phishing,2023,7.92,5773064
1478,United States,Technology,Data Breach,2023,6.97,31103295
1479,India,Finance,Phishing,2018,7.69,22421535
1480,Brazil,Government,Data Breach,2019,3.07,11296366
1481,India,Finance,Ransomware,2022,8.16,10466746
1482,China,Manufacturing,Phishing,2023,1.08,33408476
1483,United States,Transportation,Data Breach,2021,4.04,18719436
1484,United Kingdom,Manufacturing,Data Breach,2015,0.53,44632902
1485,China,Finance,Ransomware,2024,2.27,11328613
1486,India,Transportation,Ransomware,2021,2.55,41649098
1487,Russia,Transportation,Zero-Day Exploit,2020,2.77,24088776
1488,Germany,Retail,Zero-Day Exploit,2017,5.85,43626104
1489,China,Retail,Credential Stuffing,2016,2.71,822039
1490,United States,Manufacturing,Data Breach,2021,3.18,46236688
1491,Japan,Telecommunications,Ransomware,2023,1.72,27651008
1492,China,Finance,Supply Chain Attack,2022,2.6,45446263
1493,Mexico,Energy,Insider Threat,2016,1.66,24247712
1494,China,Finance,SQL Injection,2023,0.84,41717897
1495,Ukraine,Government,Zero-Day Exploit,2022,4.66,47596279
1496,Italy,Government,Zero-Day Exploit,2020,5.46,2500220
1497,United States,Finance,Phishing,2018,4.85,13831653
1498,United Kingdom,Healthcare,Supply Chain Attack,2016,3.3,30352509
1499,China,Government,DDoS,2019,2.65,3932713
1500,Brazil,Transportation,Credential Stuffing,2022,9.46,46999308
1501,United Kingdom,Healthcare,Phishing,2015,3.79,37609564
1502,Italy,Energy,Ransomware,2022,3.44,28923302
1503,United States,Government,Phishing,2023,0.62,32779076
1504,United Kingdom,Manufacturing,Phishing,2018,2.38,22658660
1505,France,Government,Zero-Day Exploit,2023,2.65,2196374
1506,United States,Retail,DDoS,2021,2.79,2429800
1507,United States,Healthcare,DDoS,2017,4.41,42564598
1508,France,Energy,DDoS,2022,3.93,16068591
1509,China,Finance,DDoS,2018,4.71,4097020
1510,China,Manufacturing,Zero-Day Exploit,2023,7.01,24335260
1511,India,Technology,DDoS,2024,8.04,39569878
1512,India,Finance,Supply Chain Attack,2015,6.2,10462598
1513,United Kingdom,Education,Phishing,2023,14.51,11770287
1514,Italy,Healthcare,Man-in-the-Middle,2024,0.58,44661096
1515,China,Technology,Insider Threat,2023,1.48,29231173
1516,France,Retail,Zero-Day Exploit,2023,0.53,7872377
1517,India,Telecommunications,Ransomware,2021,5.19,2605002
1518,India,Finance,SQL Injection,2023,10.77,13739312
1519,Russia,Retail,Phishing,2020,1.76,398108
1520,United Kingdom,Government,SQL Injection,2021,12.28,29285138
1521,China,Government,Phishing,2019,0.78,43267097
1522,United States,Healthcare,Phishing,2024,12.76,22858214
1523,Germany,Finance,Phishing,2023,2.45,43797400
1524,Russia,Finance,Man-in-the-Middle,2020,0.98,8029698
1525,China,Retail,Phishing,2018,3.49,14643368
1526,India,Manufacturing,Data Breach,2019,1.84,7867963
1527,China,Government,Phishing,2024,2.01,2796747
1528,China,Retail,Phishing,2024,2.15,14927705
1529,Russia,Government,Data Breach,2019,7.81,30391556
1530,Mexico,Healthcare,Credential Stuffing,2020,3.99,32086315
1531,China,Healthcare,Ransomware,2023,2.18,22579515
1532,Australia,Finance,Phishing,2018,4.74,174101
1533,Russia,Energy,Phishing,2021,6.17,10803315
1534,United States,Retail,DDoS,2020,1.93,48739925
1535,Japan,Energy,Zero-Day Exploit,2016,2.9,45849559
1536,Russia,Energy,DDoS,2022,1.08,88880
1537,Canada,Energy,Insider Threat,2018,1.4,40951760
1538,Russia,Finance,Ransomware,2023,5.64,2695245
1539,United States,Healthcare,SQL Injection,2021,1.4,42817212
1540,United Kingdom,Healthcare,SQL Injection,2015,3.85,23569425
1541,Japan,Finance,Credential Stuffing,2022,6.06,48511331
1542,China,Finance,Data Breach,2023,1.01,4084691
1543,China,Manufacturing,Phishing,2023,4.27,42962191
1544,United States,Telecommunications,Data Breach,2022,1.83,16761580
1545,India,Transportation,Phishing,2018,15.33,34968651
1546,Canada,Transportation,Ransomware,2022,3.47,5355093
1547,Japan,Retail,Data Breach,2017,7.88,1268282
1548,Germany,Energy,Phishing,2021,4.1,31849955
1549,South Korea,Healthcare,Phishing,2021,0.7,29240085
1550,United Kingdom,Finance,Supply Chain Attack,2022,5.01,33090335
1551,France,Retail,Ransomware,2024,14.11,32916565
1552,Russia,Finance,Ransomware,2023,4.64,39749234
1553,United States,Government,Zero-Day Exploit,2023,8.2,12415060
1554,United States,Government,Phishing,2022,10.2,36674984
1555,United States,Transportation,Zero-Day Exploit,2020,1.66,5615929
1556,France,Education,DDoS,2022,1.57,32455987
1557,United States,Education,Ransomware,2021,4.75,45248780
1558,India,Finance,Ransomware,2017,2.88,23082037
1559,China,Education,Phishing,2024,8.74,7738772
1560,Brazil,Transportation,Phishing,2022,10.86,43405557
1561,India,Manufacturing,Ransomware,2016,2.46,31012714
1562,United Kingdom,Healthcare,Phishing,2024,1.72,49967719
1563,United States,Finance,Data Breach,2019,7.32,9064607
1564,China,Education,Zero-Day Exploit,2022,1.95,33873306
1565,Mexico,Healthcare,Phishing,2017,8.28,24339059
1566,Germany,Healthcare,Data Breach,2021,2.98,19801187
1567,India,Healthcare,Phishing,2019,5.46,32676413
1568,France,Healthcare,Ransomware,2021,0.95,611968
1569,Brazil,Manufacturing,Zero-Day Exploit,2017,4.9,38088442
1570,United States,Technology,Ransomware,2020,3.2,40483672
1571,Singapore,Energy,Zero-Day Exploit,2015,4.48,13726898
1572,United Kingdom,Transportation,SQL Injection,2016,1.33,26370580
1573,Russia,Finance,Phishing,2023,6.51,3456900
1574,United Kingdom,Manufacturing,Credential Stuffing,2022,9.44,9127164
1575,China,Retail,Credential Stuffing,2023,1.6,17915768
1576,Canada,Energy,DDoS,2020,0.95,24886650
1577,France,Finance,Credential Stuffing,2019,0.61,9071694
1578,United Kingdom,Finance,Phishing,2019,5.12,19065329
1579,United States,Manufacturing,DDoS,2024,4.7,15313783
1580,Singapore,Finance,DDoS,2023,4.06,26933505
1581,Russia,Telecommunications,Phishing,2022,1.69,19126134
1582,Australia,Energy,SQL Injection,2022,2.73,36969930
1583,United States,Healthcare,SQL Injection,2017,4.56,13540016
1584,United States,Technology,Phishing,2018,3.59,36899381
1585,United States,Retail,Zero-Day Exploit,2022,20.32,25501434
1586,United States,Technology,Ransomware,2017,1.16,45038113
1587,China,Healthcare,Ransomware,2024,5.85,13035345
1588,Germany,Healthcare,DDoS,2024,2.83,36756356
1589,China,Finance,DDoS,2022,3.02,16392010
1590,South Korea,Healthcare,Data Breach,2021,6.19,31407691
1591,Canada,Finance,Ransomware,2020,5.81,41993388
1592,Japan,Energy,Data Breach,2023,21.83,22225924
1593,China,Government,Credential Stuffing,2024,1.12,32440096
1594,United Kingdom,Telecommunications,Data Breach,2022,0.99,31402009
1595,India,Transportation,Ransomware,2024,6.3,44120180
1596,United States,Healthcare,DDoS,2021,4.39,49489526
1597,China,Government,Ransomware,2021,1.94,17017662
1598,India,Energy,Data Breach,2016,0.87,9007529
1599,Russia,Government,Man-in-the-Middle,2022,0.9,46489307
1600,United States,Education,Man-in-the-Middle,2024,10.61,9052872
1601,South Korea,Technology,Data Breach,2017,1.46,25428663
1602,United States,Manufacturing,Data Breach,2017,2.26,45380604
1603,United Kingdom,Healthcare,Data Breach,2023,1.66,41149357
1604,Germany,Healthcare,Zero-Day Exploit,2015,2.47,19199277
1605,India,Manufacturing,Data Breach,2018,0.82,32395707
1606,Japan,Finance,Insider Threat,2024,3.79,35324862
1607,India,Finance,Zero-Day Exploit,2015,0.82,32417632
1608,Brazil,Education,Data Breach,2022,7.75,42307905
1609,United States,Finance,Man-in-the-Middle,2020,1.7,43863522
1610,United States,Manufacturing,Man-in-the-Middle,2020,3.99,31502292
1611,United Kingdom,Education,Ransomware,2017,10.04,16790195
1612,India,Education,Supply Chain Attack,2024,5.24,8946794
1613,United Kingdom,Telecommunications,Data Breach,2021,3.93,45720947
1614,France,Education,Insider Threat,2022,2.26,9920326
1615,Russia,Education,Zero-Day Exploit,2022,2.32,39135347
1616,United Kingdom,Government,Zero-Day Exploit,2021,5.48,20776459
1617,Russia,Healthcare,DDoS,2023,23.63,16689249
1618,United Kingdom,Energy,Phishing,2021,5.38,6949766
1619,China,Retail,DDoS,2020,4.17,42102612
1620,Netherlands,Manufacturing,Credential Stuffing,2015,6.4,2091128
1621,Russia,Healthcare,Zero-Day Exploit,2016,3.32,2727950
1622,Brazil,Retail,SQL Injection,2019,0.78,10086727
1623,United Kingdom,Retail,Ransomware,2020,4.22,35334004
1624,China,Government,SQL Injection,2023,14.73,39050124
1625,United States,Retail,Phishing,2019,1.37,19927099
1626,United States,Transportation,Data Breach,2024,5.77,44340606
1627,Russia,Technology,SQL Injection,2018,1.51,40888823
1628,Russia,Healthcare,Man-in-the-Middle,2021,3.95,12297381
1629,United States,Healthcare,DDoS,2024,0.96,26504895
1630,India,Technology,Ransomware,2022,3.19,33427992
1631,China,Retail,Data Breach,2022,6.85,23729056
1632,Germany,Government,Ransomware,2016,2.42,13679625
1633,Germany,Transportation,Man-in-the-Middle,2021,5.42,21063735
1634,Japan,Retail,Ransomware,2016,7.64,43980841
1635,Ukraine,Healthcare,Phishing,2021,12.29,20787402
1636,United States,Transportation,DDoS,2020,1.7,45560900
1637,China,Retail,Phishing,2023,2.79,17260186
1638,India,Transportation,Phishing,2023,1.24,5313380
1639,China,Finance,SQL Injection,2022,22.51,33531080
1640,Russia,Energy,Phishing,2018,12.28,7963945
1641,China,Energy,DDoS,2019,3.99,46500752
1642,China,Transportation,SQL Injection,2024,8.8,32729413
1643,United States,Education,Zero-Day Exploit,2022,3.81,22768658
1644,China,Finance,Data Breach,2023,4.9,23210546
1645,China,Healthcare,Phishing,2023,0.92,40739152
1646,United Kingdom,Retail,Credential Stuffing,2015,6.83,37764221
1647,China,Finance,Credential Stuffing,2018,1.11,24913116
1648,Japan,Healthcare,Ransomware,2023,8.37,45940721
1649,United States,Healthcare,Zero-Day Exploit,2015,7.36,49183325
1650,China,Transportation,Phishing,2023,6.05,37706641
1651,India,Government,Phishing,2020,0.67,36160354
1652,China,Government,Ransomware,2018,2.13,16894685
1653,France,Finance,Data Breach,2020,1.87,30105218
1654,Russia,Transportation,Man-in-the-Middle,2023,2.51,28885051
1655,Russia,Manufacturing,Zero-Day Exploit,2024,0.91,6380958
1656,Russia,Healthcare,Data Breach,2024,12.94,2350976
1657,China,Technology,Supply Chain Attack,2022,4.13,7031501
1658,United States,Finance,Phishing,2020,2.14,8169283
1659,South Korea,Technology,Phishing,2016,2.78,28539252
1660,Russia,Finance,Phishing,2015,3.17,15384561
1661,Singapore,Energy,Phishing,2022,4.63,37173579
1662,United States,Retail,Phishing,2020,3.76,16378723
1663,China,Healthcare,DDoS,2024,11.83,36422227
1664,United States,Education,Phishing,2022,3.59,26914000
1665,Russia,Government,Supply Chain Attack,2020,22.32,22124322
1666,Canada,Technology,Phishing,2016,9.08,33241689
1667,United Kingdom,Finance,Phishing,2015,1.55,1650622
1668,Russia,Retail,Ransomware,2022,12.51,5408892
1669,India,Healthcare,Credential Stuffing,2024,1.06,38796574
1670,Japan,Retail,DDoS,2019,8.15,6060419
1671,Russia,Technology,Man-in-the-Middle,2016,2.66,14606039
1672,Canada,Education,Phishing,2016,9.97,9555921
1673,Germany,Government,DDoS,2023,9.61,17684469
1674,France,Manufacturing,Zero-Day Exploit,2024,7.88,36269192
1675,China,Government,Zero-Day Exploit,2018,7.52,39379180
1676,Russia,Education,DDoS,2019,2.14,11389535
1677,India,Government,DDoS,2023,0.88,1923398
1678,United States,Energy,DDoS,2021,2.82,20402595
1679,India,Technology,Phishing,2017,1.36,29202347
1680,United States,Retail,DDoS,2022,5.84,42464537
1681,Russia,Government,Man-in-the-Middle,2024,2.41,792525
1682,France,Government,Ransomware,2022,17.21,22113846
1683,China,Healthcare,Ransomware,2023,5.11,18344088
1684,Israel,Government,Credential Stuffing,2021,8.28,3001279
1685,United Kingdom,Government,Zero-Day Exploit,2021,1.14,16829382
1686,United States,Finance,Ransomware,2015,9.41,36025678
1687,Singapore,Retail,Zero-Day Exploit,2023,12.02,38813550
1688,China,Healthcare,Ransomware,2023,3.5,23187330
1689,France,Education,Data Breach,2020,4.69,25424404
1690,China,Retail,Data Breach,2021,7.01,23506515
1691,South Korea,Education,Zero-Day Exploit,2019,1.36,39068746
1692,France,Finance,Phishing,2017,3.64,41773255
1693,United States,Government,Phishing,2021,2.79,37737537
1694,Russia,Manufacturing,Insider Threat,2022,1.21,13710010
1695,Russia,Government,Man-in-the-Middle,2022,2.56,24828406
1696,United States,Healthcare,Phishing,2017,0.82,45695471
1697,United States,Healthcare,Phishing,2022,0.62,42954354
1698,China,Manufacturing,Ransomware,2023,1.15,14709250
1699,Russia,Technology,DDoS,2021,15.35,46023694
1700,Russia,Education,Ransomware,2021,4.09,4171464
1701,India,Finance,Man-in-the-Middle,2021,15.69,27101746
1702,Russia,Healthcare,DDoS,2021,3.05,22139520
1703,China,Healthcare,Credential Stuffing,2022,2.18,36128469
1704,United Kingdom,Healthcare,Phishing,2017,3.67,32198350
1705,United States,Healthcare,Supply Chain Attack,2021,3.11,4197839
1706,Saudi Arabia,Government,Man-in-the-Middle,2022,1.0,10325221
1707,Germany,Healthcare,DDoS,2022,5.11,48025783
1708,China,Retail,Man-in-the-Middle,2023,1.6,36860274
1709,China,Education,Phishing,2016,4.85,18248167
1710,Brazil,Finance,Insider Threat,2015,5.23,48610197
1711,India,Finance,Ransomware,2023,1.24,11324681
1712,Germany,Healthcare,SQL Injection,2020,0.78,24543390
1713,China,Education,DDoS,2020,7.33,21264061
1714,Brazil,Healthcare,DDoS,2023,3.27,6859734
1715,China,Retail,Supply Chain Attack,2022,0.77,11045887
1716,United Kingdom,Finance,Phishing,2024,24.22,9840219
1717,Ukraine,Finance,SQL Injection,2015,0.77,25784043
1718,India,Government,Phishing,2022,5.84,4007424
1719,Brazil,Healthcare,Ransomware,2017,19.02,37070062
1720,Germany,Manufacturing,Phishing,2024,1.73,8203592
1721,Germany,Finance,Data Breach,2017,1.19,28085621
1722,United States,Education,Ransomware,2024,1.08,6437985
1723,Russia,Government,Ransomware,2023,2.13,12884185
1724,Singapore,Retail,SQL Injection,2020,0.98,393286
1725,France,Retail,Zero-Day Exploit,2023,5.8,39527404
1726,France,Finance,Ransomware,2022,0.79,37310022
1727,India,Transportation,Man-in-the-Middle,2022,3.7,12923374
1728,Germany,Manufacturing,Credential Stuffing,2023,26.21,7071522
1729,India,Finance,SQL Injection,2018,8.07,3304399
1730,United States,Finance,Phishing,2015,4.8,38514223
1731,United Kingdom,Energy,DDoS,2024,2.15,6533030
1732,United Kingdom,Retail,Ransomware,2021,4.9,14808856
1733,Japan,Manufacturing,Ransomware,2015,3.87,25928714
1734,United States,Healthcare,Supply Chain Attack,2024,3.0,1750193
1735,United Kingdom,Education,Supply Chain Attack,2024,1.13,22993947
1736,United States,Healthcare,Zero-Day Exploit,2020,10.3,34775214
1737,Italy,Healthcare,Man-in-the-Middle,2017,3.19,5243274
1738,United States,Finance,Phishing,2016,1.47,38559864
1739,United States,Government,Credential Stuffing,2021,2.56,48332781
1740,China,Energy,Ransomware,2019,2.91,19672334
1741,United States,Manufacturing,Ransomware,2019,8.41,48292978
1742,Germany,Transportation,Data Breach,2024,6.45,47486262
1743,Russia,Retail,Phishing,2021,7.1,40374931
1744,France,Government,Data Breach,2021,0.55,34161849
1745,Australia,Retail,Credential Stuffing,2023,2.92,39105784
1746,Japan,Telecommunications,Phishing,2022,3.45,5579223
1747,Germany,Government,Phishing,2017,0.59,18470991
1748,United States,Retail,Zero-Day Exploit,2019,1.85,974403
1749,United States,Energy,Phishing,2022,6.93,47990010
1750,United States,Government,Credential Stuffing,2023,1.16,20030823
1751,China,Finance,Ransomware,2016,3.95,19653553
1752,United Kingdom,Healthcare,Credential Stuffing,2022,1.59,4973164
1753,India,Healthcare,Credential Stuffing,2023,0.55,6848220
1754,China,Healthcare,Ransomware,2021,1.74,9425366
1755,United States,Healthcare,Phishing,2019,17.26,17257990
1756,Australia,Telecommunications,Data Breach,2022,7.78,38875336
1757,China,Technology,Data Breach,2022,14.94,38302456
1758,China,Finance,Ransomware,2024,3.51,6684701
1759,France,Retail,Ransomware,2020,1.02,24688373
1760,Germany,Retail,Credential Stuffing,2018,4.07,25558980
1761,United Kingdom,Government,Ransomware,2017,3.23,29449259
1762,Germany,Retail,Insider Threat,2024,8.87,3613014
1763,United Kingdom,Technology,Ransomware,2019,0.96,32789091
1764,United States,Finance,DDoS,2022,3.51,43019188
1765,China,Finance,Insider Threat,2021,1.23,35711630
1766,India,Government,Credential Stuffing,2023,2.27,14130370
1767,China,Government,Data Breach,2024,6.52,45352553
1768,Singapore,Healthcare,Ransomware,2024,3.41,48888121
1769,China,Finance,Data Breach,2019,2.62,42994481
1770,China,Healthcare,Data Breach,2023,2.76,31822319
1771,United States,Energy,Phishing,2019,3.27,39423087
1772,Germany,Transportation,DDoS,2017,7.42,43767120
1773,China,Government,Credential Stuffing,2023,10.52,15173541
1774,China,Technology,Ransomware,2020,14.49,27132773
1775,South Korea,Education,SQL Injection,2019,7.46,18499058
1776,France,Finance,Phishing,2021,2.21,33295360
1777,China,Education,Data Breach,2023,5.74,30033844
1778,United States,Technology,SQL Injection,2019,3.09,29879018
1779,United Kingdom,Healthcare,DDoS,2023,1.82,3295553
1780,China,Healthcare,Zero-Day Exploit,2017,8.77,5870847
1781,Iran,Retail,Credential Stuffing,2023,0.68,27302415
1782,Brazil,Energy,Phishing,2017,10.94,28730625
1783,Italy,Telecommunications,Phishing,2023,3.29,25007156
1784,Brazil,Technology,Ransomware,2020,5.06,304643
1785,China,Energy,Supply Chain Attack,2023,5.35,29142097
1786,China,Retail,Phishing,2023,10.65,3112361
1787,Germany,Education,Ransomware,2015,5.06,1456598
1788,China,Finance,Ransomware,2023,4.78,45641065
1789,Russia,Government,DDoS,2016,0.81,29334910
1790,China,Government,Credential Stuffing,2020,3.79,21490613
1791,Russia,Retail,Ransomware,2024,1.23,42656072
1792,United States,Retail,Phishing,2024,6.52,30887899
1793,India,Retail,Phishing,2020,3.73,9369979
1794,South Korea,Technology,SQL Injection,2024,5.63,49440713
1795,Germany,Government,Phishing,2021,0.69,6423941
1796,United States,Energy,Insider Threat,2018,0.9,9380914
1797,United Kingdom,Education,SQL Injection,2017,6.17,19015470
1798,India,Government,Data Breach,2023,0.84,2657403
1799,China,Finance,Data Breach,2021,0.83,38945188
1800,United Kingdom,Healthcare,Credential Stuffing,2018,0.55,26547612
1801,India,Manufacturing,Zero-Day Exploit,2017,14.61,8324558
1802,United Kingdom,Government,Ransomware,2021,6.52,43045631
1803,United States,Government,DDoS,2019,2.46,6663243
1804,Russia,Education,SQL Injection,2023,2.08,666079
1805,Germany,Transportation,Data Breach,2023,2.44,5446442
1806,United States,Government,Supply Chain Attack,2015,7.21,14526520
1807,France,Energy,Ransomware,2016,5.37,26142702
1808,United States,Healthcare,Credential Stuffing,2021,1.42,41360953
1809,India,Finance,DDoS,2024,1.36,7104727
1810,South Korea,Finance,Ransomware,2023,0.97,44481216
1811,Russia,Government,Phishing,2018,5.36,20575373
1812,South Korea,Finance,Phishing,2022,7.0,36753279
1813,Canada,Finance,Ransomware,2023,1.89,39030581
1814,Russia,Manufacturing,Ransomware,2018,0.6,13114673
1815,United States,Finance,Man-in-the-Middle,2017,0.89,49973813
1816,Netherlands,Retail,Ransomware,2020,15.97,33050431
1817,China,Technology,Phishing,2020,2.08,18680187
1818,United Kingdom,Retail,Data Breach,2024,7.1,42565355
1819,Australia,Healthcare,Data Breach,2024,4.91,21535128
1820,United States,Finance,Phishing,2023,2.67,44432939
1821,India,Energy,Data Breach,2020,1.54,39313383
1822,India,Transportation,Man-in-the-Middle,2021,1.08,29892158
1823,Germany,Technology,Data Breach,2016,4.8,42023111
1824,South Korea,Retail,DDoS,2020,7.21,30988648
1825,Australia,Energy,Phishing,2022,5.15,47612996
1826,United States,Technology,Data Breach,2022,3.9,27039124
1827,Canada,Technology,Data Breach,2024,0.69,9954757
1828,United States,Technology,Ransomware,2016,16.06,19626411
1829,Australia,Retail,Phishing,2022,7.71,30821578
1830,Mexico,Finance,Zero-Day Exploit,2024,2.06,13924514
1831,China,Energy,Supply Chain Attack,2022,18.1,46323228
1832,Russia,Retail,Phishing,2023,4.64,6779717
1833,South Korea,Healthcare,Credential Stuffing,2024,4.43,9587818
1834,Netherlands,Finance,Phishing,2017,6.7,17623778
1835,South Korea,Retail,Man-in-the-Middle,2023,8.02,723979
1836,Canada,Healthcare,Data Breach,2016,5.31,12377279
1837,United States,Government,Data Breach,2018,1.12,31554849
1838,India,Telecommunications,SQL Injection,2016,2.36,18397130
1839,United States,Finance,SQL Injection,2024,12.35,1502818
1840,Iran,Finance,Phishing,2023,1.64,13772337
1841,China,Healthcare,Data Breach,2018,2.59,19605656
1842,Israel,Healthcare,Ransomware,2023,3.05,11932233
1843,India,Manufacturing,Phishing,2023,3.1,6696679
1844,Russia,Government,SQL Injection,2016,4.77,33953357
1845,South Korea,Healthcare,Supply Chain Attack,2022,13.4,48022991
1846,Japan,Technology,Ransomware,2018,1.74,13654524
1847,Russia,Manufacturing,Phishing,2015,1.08,1885290
1848,United States,Healthcare,DDoS,2016,1.49,38250313
1849,United States,Healthcare,Ransomware,2020,10.31,21869311
1850,United States,Government,Data Breach,2019,5.17,17007912
1851,Russia,Retail,Phishing,2015,2.02,31028134
1852,China,Healthcare,Credential Stuffing,2024,8.12,4993999
1853,United States,Finance,Phishing,2019,9.39,11267906
1854,Germany,Finance,DDoS,2023,8.93,37677522
1855,France,Government,Insider Threat,2024,11.81,15905869
1856,India,Government,Ransomware,2016,1.81,14299485
1857,France,Healthcare,Credential Stuffing,2021,6.83,12494518
1858,United States,Manufacturing,Data Breach,2023,3.28,15410515
1859,Japan,Finance,DDoS,2022,8.8,44685791
1860,Canada,Healthcare,Supply Chain Attack,2019,6.37,43376622
1861,Brazil,Energy,Insider Threat,2019,7.24,31982502
1862,Russia,Education,Phishing,2023,5.3,294458
1863,United States,Retail,Man-in-the-Middle,2017,1.38,14379882
1864,United Kingdom,Energy,Phishing,2022,4.04,41149434
1865,United States,Transportation,Ransomware,2021,19.3,4721105
1866,United States,Government,Zero-Day Exploit,2022,12.97,9971077
1867,China,Government,Phishing,2022,0.7,44929526
1868,China,Technology,Data Breach,2024,1.31,26347677
1869,China,Healthcare,Ransomware,2020,1.14,1247852
1870,China,Healthcare,Credential Stuffing,2017,6.33,29750675
1871,France,Retail,Data Breach,2019,8.16,38249686
1872,Italy,Technology,Man-in-the-Middle,2024,1.58,45257619
1873,China,Transportation,Phishing,2023,3.67,117008
1874,Germany,Technology,Phishing,2020,8.77,2343245
1875,United States,Healthcare,Supply Chain Attack,2023,6.44,45319036
1876,United Kingdom,Healthcare,Data Breach,2024,4.02,5846999
1877,Germany,Retail,Phishing,2023,4.52,34406095
1878,United States,Manufacturing,Ransomware,2021,3.7,42793852
1879,United States,Manufacturing,Ransomware,2017,2.09,45891062
1880,China,Healthcare,Data Breach,2021,4.25,5360778
1881,Russia,Finance,Data Breach,2023,5.75,9029850
1882,Russia,Government,Man-in-the-Middle,2023,9.8,25403826
1883,Canada,Education,Zero-Day Exploit,2016,5.05,40166835
1884,Germany,Energy,Ransomware,2024,6.94,10548939
1885,China,Healthcare,Supply Chain Attack,2023,1.28,26760365
1886,United States,Retail,Data Breach,2016,3.29,41682210
1887,Australia,Finance,Credential Stuffing,2019,0.54,12893270
1888,China,Healthcare,Phishing,2016,1.77,25648374
1889,United Kingdom,Technology,Supply Chain Attack,2020,6.33,43841378
1890,China,Government,Supply Chain Attack,2022,22.12,48750975
1891,United States,Government,Phishing,2022,0.97,31097144
1892,United States,Energy,Credential Stuffing,2018,2.81,5310174
1893,France,Finance,Insider Threat,2018,7.74,35074130
1894,India,Technology,Credential Stuffing,2021,1.53,27375409
1895,Russia,Government,DDoS,2019,4.14,33600339
1896,India,Education,Ransomware,2024,6.44,47703533
1897,Russia,Healthcare,Supply Chain Attack,2023,4.81,18213302
1898,India,Government,Ransomware,2023,1.44,33445761
1899,United Kingdom,Energy,Phishing,2020,2.48,17437817
1900,United States,Government,Data Breach,2021,7.39,1558374
1901,China,Retail,Phishing,2024,4.14,13211592
1902,France,Healthcare,Supply Chain Attack,2018,0.52,25813196
1903,Japan,Energy,Data Breach,2024,6.94,38286901
1904,United States,Government,Supply Chain Attack,2017,0.66,3765093
1905,Russia,Finance,Ransomware,2021,6.66,17087279
1906,Germany,Technology,DDoS,2020,1.52,17960809
1907,United States,Government,Ransomware,2019,14.77,15576782
1908,India,Government,Man-in-the-Middle,2021,2.56,26589195
1909,United States,Government,Zero-Day Exploit,2015,2.28,38172751
1910,India,Technology,Man-in-the-Middle,2020,1.23,14516702
1911,Russia,Technology,Supply Chain Attack,2018,2.14,26873153
1912,India,Government,Phishing,2021,9.92,27906860
1913,United States,Healthcare,Zero-Day Exploit,2024,25.74,35106258
1914,China,Healthcare,SQL Injection,2024,2.57,13426533
1915,India,Healthcare,DDoS,2024,3.18,10895684
1916,United States,Technology,Phishing,2024,6.26,31848237
1917,United States,Transportation,Man-in-the-Middle,2021,10.28,36454735
1918,India,Healthcare,Ransomware,2021,4.55,40616747
1919,United States,Finance,Supply Chain Attack,2024,2.74,24336328
1920,Russia,Telecommunications,Phishing,2019,2.89,22297119
1921,Brazil,Finance,Credential Stuffing,2018,5.85,24566889
1922,Russia,Healthcare,Ransomware,2024,0.51,31966543
1923,Russia,Energy,Zero-Day Exploit,2023,4.85,42751202
1924,Russia,Retail,Supply Chain Attack,2022,2.48,29999952
1925,United States,Retail,Ransomware,2023,7.61,667638
1926,Russia,Manufacturing,DDoS,2020,0.94,38161987
1927,Brazil,Healthcare,SQL Injection,2017,4.49,45021518
1928,Germany,Retail,Zero-Day Exploit,2016,3.45,38427223
1929,China,Energy,Ransomware,2019,5.13,18839940
1930,Brazil,Retail,Ransomware,2021,0.8,29811297
1931,Germany,Education,Phishing,2021,4.4,27113099
1932,India,Finance,Ransomware,2019,4.21,4261763
1933,United States,Government,Data Breach,2016,4.2,35855144
1934,China,Retail,DDoS,2020,4.66,37565300
1935,United States,Education,SQL Injection,2022,5.58,43985889
1936,Saudi Arabia,Finance,Phishing,2020,7.86,18103147
1937,South Korea,Energy,Ransomware,2020,1.92,30144909
1938,United States,Manufacturing,Zero-Day Exploit,2020,8.34,26071276
1939,South Korea,Healthcare,DDoS,2018,3.6,9279963
1940,United States,Finance,Ransomware,2018,0.86,43903162
1941,Russia,Education,Insider Threat,2023,0.77,48564053
1942,France,Transportation,Credential Stuffing,2022,2.33,31013400
1943,France,Energy,Phishing,2021,7.41,35435929
1944,Ukraine,Government,Phishing,2019,6.03,37465783
1945,United Kingdom,Finance,Insider Threat,2023,7.49,46548821
1946,Russia,Education,DDoS,2017,3.78,26846588
1947,Saudi Arabia,Technology,Credential Stuffing,2021,3.11,27644767
1948,China,Retail,Ransomware,2022,1.22,762657
1949,Japan,Energy,DDoS,2023,2.29,22044698
1950,Australia,Manufacturing,Data Breach,2022,3.06,24944891
1951,China,Technology,Credential Stuffing,2022,0.92,8971641
1952,United Kingdom,Government,SQL Injection,2024,1.62,7188206
1953,United Kingdom,Finance,Man-in-the-Middle,2016,4.6,321299
1954,India,Finance,Zero-Day Exploit,2016,6.49,22140011
1955,United Kingdom,Healthcare,Phishing,2017,29.32,26092426
1956,China,Finance,Ransomware,2023,12.67,3830094
1957,United States,Energy,Insider Threat,2024,5.13,26577670
1958,India,Energy,Data Breach,2016,2.96,31638929
1959,India,Healthcare,Data Breach,2024,5.05,31625353
1960,Germany,Telecommunications,Phishing,2015,7.43,13329643
1961,China,Finance,Credential Stuffing,2019,1.07,24169369
1962,United States,Healthcare,SQL Injection,2019,2.87,16806408
1963,United States,Education,Man-in-the-Middle,2024,8.74,5113150
1964,China,Education,Supply Chain Attack,2022,2.68,34211723
1965,United Kingdom,Energy,DDoS,2016,4.32,14993029
1966,India,Finance,Data Breach,2023,4.49,44330947
1967,India,Healthcare,Credential Stuffing,2017,1.42,31530162
1968,Brazil,Technology,Phishing,2015,2.52,20858850
1969,China,Retail,Zero-Day Exploit,2023,2.33,10279284
1970,China,Finance,Phishing,2020,0.62,37064466
1971,China,Technology,Phishing,2018,0.61,41543129
1972,South Korea,Energy,Data Breach,2023,8.52,16383027
1973,Germany,Telecommunications,DDoS,2024,1.94,16984896
1974,United States,Healthcare,Man-in-the-Middle,2022,3.78,49555999
1975,Brazil,Healthcare,Insider Threat,2016,2.1,29908180
1976,Russia,Government,Ransomware,2018,13.21,20549696
1977,France,Retail,Ransomware,2015,1.85,8865565
1978,Canada,Government,Man-in-the-Middle,2016,3.03,30473144
1979,United States,Healthcare,Phishing,2017,9.78,26826024
1980,United States,Retail,Data Breach,2020,8.8,37486427
1981,United States,Healthcare,Data Breach,2019,1.43,19878102
1982,United States,Finance,SQL Injection,2023,7.8,40840412
1983,India,Energy,Ransomware,2022,3.26,2651888
1984,Germany,Government,Zero-Day Exploit,2024,3.47,209820
1985,United States,Telecommunications,SQL Injection,2016,1.14,18995538
1986,Germany,Technology,Data Breach,2017,0.88,14383505
1987,Russia,Telecommunications,Man-in-the-Middle,2020,6.36,20768235
1988,China,Education,Phishing,2023,3.59,25079405
1989,United States,Manufacturing,Data Breach,2024,3.08,12525900
1990,Japan,Retail,Supply Chain Attack,2016,6.38,10520870
1991,United States,Education,DDoS,2017,7.03,46060526
1992,Russia,Retail,Data Breach,2018,1.28,25060348
1993,China,Government,Data Breach,2023,4.74,13361940
1994,Brazil,Finance,Man-in-the-Middle,2018,1.15,27128084
1995,Germany,Technology,Supply Chain Attack,2024,6.76,43678012
1996,China,Energy,Data Breach,2024,5.31,48825889
1997,India,Retail,Ransomware,2022,14.62,29397721
1998,United Kingdom,Energy,Zero-Day Exploit,2022,0.82,7016711
1999,China,Education,Phishing,2019,0.76,37392010
2000,China,Finance,SQL Injection,2022,1.99,37579069
2001,United States,Finance,Credential Stuffing,2022,1.87,2780977
2002,United Kingdom,Education,DDoS,2015,1.78,44563530
2003,China,Technology,DDoS,2019,11.15,3031963
2004,China,Government,Zero-Day Exploit,2024,1.79,35150308
2005,United States,Healthcare,Phishing,2021,1.93,10457243
2006,Italy,Energy,Zero-Day Exploit,2023,6.91,32586727
2007,Canada,Technology,Credential Stuffing,2023,3.19,41606496
2008,Australia,Healthcare,Data Breach,2023,7.25,21603201
2009,United Kingdom,Healthcare,Data Breach,2021,0.8,36799343
2010,Russia,Manufacturing,Supply Chain Attack,2021,3.51,49261446
2011,Russia,Government,Man-in-the-Middle,2024,0.65,19811248
2012,Singapore,Government,Data Breach,2023,0.79,621847
2013,South Korea,Government,Zero-Day Exploit,2022,11.16,44439042
2014,United Kingdom,Education,SQL Injection,2020,1.17,44787657
2015,France,Education,Ransomware,2015,3.92,38177722
2016,China,Education,Data Breach,2018,2.88,49214247
2017,Russia,Government,Ransomware,2023,2.42,45462707
2018,United States,Finance,Supply Chain Attack,2016,10.85,37916394
2019,China,Education,Ransomware,2015,0.6,34537593
2020,France,Government,Supply Chain Attack,2020,5.41,33850944
2021,Russia,Government,Man-in-the-Middle,2024,15.38,48341934
2022,Japan,Transportation,Zero-Day Exploit,2022,4.2,44514843
2023,China,Government,Man-in-the-Middle,2024,12.93,10774340
2024,Germany,Telecommunications,Phishing,2023,0.74,11275933
2025,Brazil,Technology,Man-in-the-Middle,2015,2.94,28398784
2026,Australia,Healthcare,Phishing,2022,1.86,31601758
2027,India,Healthcare,Insider Threat,2022,6.41,14857418
2028,Singapore,Energy,Phishing,2015,18.41,11084271
2029,India,Healthcare,DDoS,2020,1.83,43441258
2030,United States,Energy,Ransomware,2024,5.28,26966755
2031,China,Manufacturing,DDoS,2024,1.49,35148894
2032,United States,Healthcare,Insider Threat,2020,4.25,28906138
2033,United Kingdom,Finance,Phishing,2021,3.31,44011850
2034,Australia,Government,Man-in-the-Middle,2022,16.59,39873185
2035,Japan,Energy,Phishing,2023,4.72,42950845
2036,United States,Transportation,Zero-Day Exploit,2016,2.44,39954763
2037,Germany,Government,Data Breach,2021,1.05,8151596
2038,United States,Transportation,Phishing,2022,1.24,21817676
2039,China,Retail,DDoS,2024,1.65,32285776
2040,United Kingdom,Government,Phishing,2024,1.8,7451162
2041,India,Healthcare,Man-in-the-Middle,2024,9.06,25482714
2042,Japan,Education,Man-in-the-Middle,2019,4.21,10304903
2043,United States,Healthcare,Credential Stuffing,2022,3.83,20324796
2044,France,Healthcare,Phishing,2024,1.05,25211636
2045,Germany,Government,Data Breach,2024,9.35,44439781
2046,India,Telecommunications,Zero-Day Exploit,2020,6.27,4528368
2047,Russia,Finance,Man-in-the-Middle,2023,0.82,18999810
2048,Japan,Government,Phishing,2018,6.04,10052800
2049,China,Technology,Man-in-the-Middle,2020,4.03,29696725
2050,Netherlands,Healthcare,Ransomware,2022,0.88,17265023
2051,United States,Education,Zero-Day Exploit,2017,3.26,16869407
2052,South Korea,Healthcare,Data Breach,2020,3.48,30590706
2053,Netherlands,Manufacturing,Phishing,2016,1.32,34447682
2054,United States,Manufacturing,Data Breach,2016,13.61,15090507
2055,Mexico,Finance,Phishing,2024,9.04,15974962
2056,Russia,Technology,DDoS,2022,5.48,8924535
2057,China,Government,Phishing,2022,3.29,41596685
2058,India,Healthcare,SQL Injection,2022,2.89,33338607
2059,United States,Government,Phishing,2020,5.24,26098120
2060,Australia,Manufacturing,Man-in-the-Middle,2020,4.05,43992876
2061,India,Government,Credential Stuffing,2024,0.79,22295674
2062,France,Education,Zero-Day Exploit,2023,3.73,25587667
2063,China,Education,Supply Chain Attack,2016,7.89,24001905
2064,India,Manufacturing,Phishing,2021,3.27,26729406
2065,China,Technology,Ransomware,2023,0.74,43574012
2066,China,Government,Data Breach,2021,7.44,35079600
2067,Russia,Energy,Credential Stuffing,2016,1.51,29780152
2068,Russia,Retail,SQL Injection,2022,1.85,14297808
2069,United States,Energy,Data Breach,2018,1.31,44107592
2070,Iran,Education,Zero-Day Exploit,2021,2.3,29300701
2071,Russia,Government,Data Breach,2019,6.86,29140456
2072,Japan,Government,DDoS,2022,3.8,7716592
2073,Australia,Government,SQL Injection,2023,1.53,11472270
2074,China,Manufacturing,Phishing,2024,9.96,21349846
2075,Russia,Finance,Ransomware,2022,10.03,6158482
2076,India,Technology,Data Breach,2022,9.7,27873354
2077,China,Retail,Credential Stuffing,2019,1.73,15049225
2078,United States,Government,DDoS,2022,3.2,35886659
2079,China,Finance,Phishing,2024,19.4,44568230
2080,South Korea,Government,SQL Injection,2020,7.15,32026785
2081,India,Education,Data Breach,2018,0.62,35480784
2082,Russia,Transportation,DDoS,2015,0.8,2074378
2083,United States,Manufacturing,Supply Chain Attack,2021,3.31,21761242
2084,China,Energy,Ransomware,2020,11.3,10533973
2085,China,Retail,Supply Chain Attack,2023,3.98,21111481
2086,Brazil,Manufacturing,Man-in-the-Middle,2017,3.6,43023841
2087,Russia,Energy,Credential Stuffing,2019,1.0,34832875
2088,United Kingdom,Education,Phishing,2018,5.31,31849524
2089,United Kingdom,Technology,Data Breach,2022,8.27,36586647
2090,China,Energy,Ransomware,2023,2.65,690878
2091,Brazil,Education,Insider Threat,2016,7.22,37598596
2092,Singapore,Healthcare,DDoS,2018,15.52,25344081
2093,United Kingdom,Education,Ransomware,2020,1.53,26919821
2094,Russia,Finance,Data Breach,2019,3.83,23412015
2095,United States,Retail,SQL Injection,2024,2.02,22736638
2096,France,Education,Phishing,2018,7.58,6036307
2097,United States,Healthcare,Data Breach,2017,4.38,26395883
2098,Germany,Education,Man-in-the-Middle,2021,5.03,13327866
2099,Russia,Finance,Insider Threat,2018,7.7,12344800
2100,Australia,Government,Phishing,2016,2.77,8181411
2101,India,Manufacturing,Phishing,2018,11.6,31959774
2102,United Kingdom,Healthcare,SQL Injection,2024,3.93,1658432
2103,United States,Transportation,Phishing,2023,1.27,21228757
2104,United States,Finance,Ransomware,2017,5.86,30464627
2105,Japan,Healthcare,Phishing,2023,7.59,17548595
2106,South Korea,Technology,Ransomware,2019,2.21,30427611
2107,United Kingdom,Finance,Data Breach,2023,9.26,4075099
2108,France,Energy,Man-in-the-Middle,2016,11.15,34217963
2109,Russia,Manufacturing,DDoS,2023,1.96,8966409
2110,Japan,Government,Data Breach,2015,18.98,32138889
2111,China,Technology,Data Breach,2015,1.18,10193856
2112,Germany,Retail,DDoS,2024,1.52,13701836
2113,United States,Government,Man-in-the-Middle,2020,1.42,3892925
2114,Russia,Healthcare,Data Breach,2022,10.6,22130690
2115,China,Manufacturing,Data Breach,2020,5.28,36425615
2116,United Kingdom,Healthcare,Credential Stuffing,2015,1.24,8998431
2117,United Kingdom,Government,Insider Threat,2023,3.11,8671834
2118,United Kingdom,Government,Zero-Day Exploit,2021,4.8,23319540
2119,Russia,Technology,SQL Injection,2024,0.89,2644146
2120,Russia,Finance,Insider Threat,2021,10.13,12537869
2121,United States,Finance,Man-in-the-Middle,2018,7.82,46910227
2122,India,Healthcare,Phishing,2017,3.67,45322735
2123,United States,Healthcare,Phishing,2024,15.87,39958211
2124,India,Finance,Credential Stuffing,2016,2.93,39368636
2125,China,Healthcare,Supply Chain Attack,2020,19.14,3763402
2126,Ukraine,Finance,Phishing,2018,5.46,1983538
2127,United States,Healthcare,Phishing,2017,5.03,21971267
2128,Brazil,Finance,Supply Chain Attack,2024,1.32,16290409
2129,United Kingdom,Government,Ransomware,2019,10.11,17160925
2130,Brazil,Finance,Credential Stuffing,2022,3.01,48803078
2131,Australia,Retail,Insider Threat,2024,1.3,35307845
2132,United States,Finance,Phishing,2024,0.56,37036123
2133,United States,Healthcare,Data Breach,2021,4.19,39320924
2134,United States,Healthcare,Ransomware,2023,3.87,2803105
2135,United States,Government,Insider Threat,2024,6.22,48877608
2136,India,Finance,Zero-Day Exploit,2021,10.44,43229493
2137,Brazil,Government,Data Breach,2024,0.87,5256683
2138,China,Finance,DDoS,2021,6.42,13553596
2139,China,Government,Phishing,2023,1.43,11434179
2140,China,Technology,Man-in-the-Middle,2024,9.29,36598753
2141,Russia,Healthcare,Data Breach,2016,8.19,38652759
2142,India,Finance,Zero-Day Exploit,2022,4.0,11592889
2143,Saudi Arabia,Energy,SQL Injection,2022,6.07,1661442
2144,China,Education,SQL Injection,2020,2.2,16230478
2145,United Kingdom,Education,Data Breach,2017,3.37,9208301
2146,Japan,Energy,Insider Threat,2016,8.26,28498715
2147,United Kingdom,Government,DDoS,2024,3.27,27639516
2148,Japan,Healthcare,Data Breach,2018,2.49,38773439
2149,France,Healthcare,Ransomware,2022,3.57,36471465
2150,United States,Government,Data Breach,2024,8.43,41265143
2151,China,Government,Data Breach,2023,2.34,25034984
2152,India,Government,DDoS,2024,1.36,15780730
2153,United States,Government,Supply Chain Attack,2017,6.1,23050988
2154,United States,Finance,Ransomware,2020,8.37,5574045
2155,United States,Manufacturing,Data Breach,2021,0.98,4886302
2156,Russia,Finance,Data Breach,2016,1.73,20684313
2157,Russia,Transportation,Ransomware,2021,1.19,13900945
2158,France,Retail,Phishing,2021,2.42,45213561
2159,India,Finance,Credential Stuffing,2015,3.19,23244067
2160,Japan,Education,Ransomware,2022,6.72,10315371
2161,United States,Technology,SQL Injection,2015,5.24,17563102
2162,India,Finance,Ransomware,2021,4.87,2427767
2163,United States,Government,SQL Injection,2016,2.45,5311254
2164,United States,Healthcare,Data Breach,2020,8.79,45983153
2165,Japan,Retail,Supply Chain Attack,2017,3.37,6557834
2166,Canada,Finance,Zero-Day Exploit,2023,17.91,14509448
2167,Russia,Transportation,SQL Injection,2021,5.02,34118421
2168,United States,Government,Data Breach,2018,1.11,277934
2169,United States,Telecommunications,SQL Injection,2020,5.57,39139588
2170,South Korea,Technology,Supply Chain Attack,2024,2.27,4730754
2171,Canada,Education,Insider Threat,2016,5.72,29697758
2172,India,Government,Phishing,2023,0.82,20671641
2173,United States,Manufacturing,DDoS,2023,1.37,43681807
2174,South Korea,Government,Data Breach,2018,9.21,11675989
2175,China,Healthcare,SQL Injection,2020,1.66,3998685
2176,Netherlands,Government,Phishing,2024,8.66,36370644
2177,India,Technology,Data Breach,2023,1.97,6900825
2178,France,Finance,Credential Stuffing,2021,5.13,33495457
2179,Germany,Telecommunications,Supply Chain Attack,2024,5.83,1732241
2180,Russia,Healthcare,Ransomware,2023,3.73,29449115
2181,United States,Transportation,Data Breach,2022,2.14,16072426
2182,United States,Government,SQL Injection,2022,1.58,26001468
2183,China,Retail,Phishing,2020,0.65,10627872
2184,Brazil,Technology,Ransomware,2023,2.13,42229769
2185,China,Government,Data Breach,2021,5.27,15197701
2186,Canada,Government,SQL Injection,2018,13.03,15487203
2187,China,Retail,Phishing,2020,9.72,35188993
2188,France,Education,Ransomware,2021,7.04,48492404
2189,United States,Education,Insider Threat,2016,7.49,45949854
2190,Israel,Healthcare,Data Breach,2022,5.42,10403309
2191,Germany,Energy,Data Breach,2019,1.86,10205126
2192,Russia,Education,Zero-Day Exploit,2023,11.2,36442101
2193,Singapore,Finance,Zero-Day Exploit,2022,5.5,35301520
2194,United States,Government,Phishing,2021,4.2,29510863
2195,Russia,Healthcare,Data Breach,2023,1.03,34574878
2196,Japan,Healthcare,Zero-Day Exploit,2016,3.17,48951201
2197,China,Education,Ransomware,2021,3.28,39078164
2198,France,Finance,Phishing,2016,9.5,3119431
2199,Italy,Government,SQL Injection,2016,4.06,32442146
2200,China,Retail,Data Breach,2024,2.65,7301178
2201,France,Transportation,Ransomware,2019,17.44,4003587
2202,United States,Finance,Ransomware,2018,1.03,48947181
2203,China,Retail,Supply Chain Attack,2021,2.97,49750382
2204,Saudi Arabia,Government,Data Breach,2023,0.69,29613001
2205,Russia,Finance,Supply Chain Attack,2022,6.56,835038
2206,China,Energy,DDoS,2018,11.76,807500
2207,South Korea,Government,DDoS,2021,1.98,46527265
2208,Russia,Finance,SQL Injection,2020,9.29,40059666
2209,United Kingdom,Telecommunications,Ransomware,2024,2.06,11955589
2210,United Kingdom,Government,Phishing,2021,11.37,16184391
2211,United States,Government,Ransomware,2022,6.81,6472136
2212,United Kingdom,Retail,Phishing,2024,7.85,33025867
2213,Brazil,Healthcare,SQL Injection,2023,0.58,37921739
2214,Germany,Energy,Credential Stuffing,2019,15.31,8043832
2215,United States,Retail,Data Breach,2024,6.34,37851787
2216,United States,Healthcare,Phishing,2019,2.14,20926886
2217,Germany,Government,DDoS,2016,8.46,1779992
2218,United Kingdom,Manufacturing,Phishing,2016,1.99,43151542
2219,Germany,Retail,Insider Threat,2021,9.78,7252370
2220,China,Government,Data Breach,2017,1.04,31527273
2221,United States,Manufacturing,Phishing,2023,5.97,12931955
2222,United States,Energy,Zero-Day Exploit,2017,4.0,29873451
2223,China,Energy,Data Breach,2016,0.96,12369235
2224,China,Education,Ransomware,2021,1.75,34474775
2225,China,Technology,Data Breach,2022,0.56,36975635
2226,United States,Retail,Insider Threat,2021,3.35,36956942
2227,United States,Healthcare,Ransomware,2022,2.11,10724746
2228,Russia,Healthcare,Phishing,2023,4.6,31893091
2229,India,Technology,Ransomware,2018,2.09,49697556
2230,Russia,Retail,Supply Chain Attack,2022,2.1,48660436
2231,United States,Retail,Data Breach,2017,6.62,43133423
2232,China,Government,Ransomware,2019,0.72,14165840
2233,United States,Technology,DDoS,2019,10.99,8809709
2234,India,Technology,Ransomware,2021,9.11,12284842
2235,China,Government,Credential Stuffing,2019,5.46,19612625
2236,China,Finance,Data Breach,2018,4.55,16468890
2237,China,Energy,Credential Stuffing,2017,10.53,26635128
2238,China,Energy,Supply Chain Attack,2023,1.42,24199560
2239,United States,Healthcare,Phishing,2021,0.87,2959063
2240,Canada,Government,Data Breach,2017,1.73,21819802
2241,Canada,Transportation,Phishing,2020,7.62,43868796
2242,Ukraine,Government,Phishing,2024,0.66,19757034
2243,India,Finance,Phishing,2020,4.43,13011682
2244,United States,Healthcare,Credential Stuffing,2022,24.75,37323085
2245,China,Finance,Credential Stuffing,2018,9.21,42232512
2246,United States,Transportation,Data Breach,2015,3.82,8325444
2247,China,Government,Data Breach,2017,0.8,24495069
2248,Russia,Healthcare,Credential Stuffing,2022,8.51,42817646
2249,United States,Retail,SQL Injection,2015,4.61,20254124
2250,Russia,Finance,Credential Stuffing,2015,1.05,28523631
2251,Russia,Energy,Ransomware,2018,0.94,9232518
2252,Russia,Finance,Ransomware,2016,11.32,46174754
2253,United States,Education,Man-in-the-Middle,2024,5.48,23694887
2254,China,Government,Ransomware,2022,8.45,25118535
2255,China,Finance,Ransomware,2018,10.0,38177308
2256,United Kingdom,Manufacturing,Data Breach,2017,4.32,46237306
2257,India,Energy,Supply Chain Attack,2023,3.78,21992118
2258,United States,Finance,Supply Chain Attack,2021,3.03,48535629
2259,United States,Finance,Man-in-the-Middle,2023,2.22,5556552
2260,China,Technology,Phishing,2017,3.07,23441418
2261,Italy,Government,Phishing,2024,7.19,15110587
2262,China,Manufacturing,Phishing,2018,4.64,6866099
2263,United Kingdom,Education,Phishing,2023,10.54,7562735
2264,Brazil,Education,Data Breach,2016,3.14,9479722
2265,China,Education,Credential Stuffing,2023,4.7,36417282
2266,China,Retail,Data Breach,2017,4.99,46922816
2267,Brazil,Education,Data Breach,2016,4.53,23863073
2268,Japan,Retail,Insider Threat,2019,5.96,6786032
2269,Singapore,Education,Credential Stuffing,2016,1.72,36132837
2270,United States,Healthcare,Supply Chain Attack,2019,3.73,27026890
2271,China,Healthcare,Supply Chain Attack,2018,1.0,25054620
2272,Italy,Healthcare,Data Breach,2022,2.68,12215941
2273,United States,Finance,DDoS,2023,3.51,29697994
2274,China,Education,DDoS,2020,5.25,9939239
2275,Netherlands,Finance,Ransomware,2023,14.03,37250990
2276,Singapore,Education,Data Breach,2018,4.63,12664960
2277,China,Technology,Phishing,2023,6.62,48489253
2278,Germany,Finance,Phishing,2021,3.68,28599392
2279,Russia,Retail,Phishing,2020,5.02,18392586
2280,India,Telecommunications,Man-in-the-Middle,2024,0.83,17866416
2281,China,Energy,Phishing,2016,1.82,6445960
2282,China,Education,DDoS,2021,2.52,47332856
2283,Brazil,Finance,Phishing,2017,3.38,39480335
2284,China,Education,Credential Stuffing,2016,0.71,4675295
2285,United States,Government,Supply Chain Attack,2015,1.18,30576246
2286,India,Transportation,Man-in-the-Middle,2017,1.96,8131626
2287,India,Retail,Credential Stuffing,2022,16.52,25734857
2288,India,Transportation,SQL Injection,2020,2.31,385003
2289,United Kingdom,Healthcare,Man-in-the-Middle,2024,3.46,33266725
2290,India,Transportation,Ransomware,2022,1.48,47271521
2291,Italy,Government,Data Breach,2023,4.75,26331950
2292,Russia,Telecommunications,SQL Injection,2021,1.98,18545723
2293,Germany,Finance,Phishing,2020,1.54,39076512
2294,Russia,Retail,Data Breach,2022,3.77,7249533
2295,China,Government,Data Breach,2024,0.52,14659676
2296,Germany,Government,Data Breach,2017,0.53,1540810
2297,Brazil,Energy,DDoS,2023,1.61,36900918
2298,France,Manufacturing,Data Breach,2021,0.67,29278666
2299,Russia,Finance,Phishing,2017,1.01,49123109
2300,Russia,Finance,Phishing,2023,2.36,4294429
2301,United Kingdom,Government,DDoS,2019,7.8,7751081
2302,China,Government,Phishing,2023,4.32,34754260
2303,United Kingdom,Healthcare,Supply Chain Attack,2023,3.73,35514016
2304,Germany,Finance,DDoS,2023,2.06,12773055
2305,France,Healthcare,DDoS,2016,12.58,14588801
2306,United States,Education,Ransomware,2020,2.78,44886570
2307,Saudi Arabia,Healthcare,Ransomware,2017,0.91,45154348
2308,Russia,Energy,Ransomware,2022,4.82,34321660
2309,Russia,Telecommunications,Data Breach,2023,1.04,38063940
2310,Russia,Government,Data Breach,2018,2.41,434468
2311,Australia,Healthcare,Phishing,2017,3.69,11954902
2312,Germany,Finance,Insider Threat,2021,9.83,27086697
2313,India,Finance,Zero-Day Exploit,2021,3.56,16370293
2314,France,Finance,Zero-Day Exploit,2020,5.95,39631981
2315,China,Retail,SQL Injection,2021,22.71,19611839
2316,Canada,Healthcare,Data Breach,2020,1.13,1167598
2317,India,Government,Ransomware,2023,1.95,25682500
2318,United Kingdom,Technology,Supply Chain Attack,2023,2.76,20568612
2319,United States,Retail,Phishing,2024,2.97,26654128
2320,France,Retail,Data Breach,2021,2.88,32338359
2321,United Kingdom,Finance,Credential Stuffing,2023,11.22,36488343
2322,China,Finance,Data Breach,2024,6.13,37388070
2323,United Kingdom,Healthcare,SQL Injection,2020,4.71,47270453
2324,United States,Finance,Zero-Day Exploit,2023,2.17,44113996
2325,Iran,Government,Data Breach,2024,8.31,42474289
2326,United Kingdom,Healthcare,Ransomware,2016,14.46,17015682
2327,Russia,Finance,Phishing,2021,8.25,29684286
2328,France,Technology,Phishing,2020,0.51,30472692
2329,Singapore,Transportation,Supply Chain Attack,2020,5.05,26031642
2330,Russia,Technology,Ransomware,2019,0.74,6877137
2331,United States,Retail,Man-in-the-Middle,2019,1.84,21185216
2332,China,Energy,Credential Stuffing,2023,0.78,8457223
2333,Russia,Retail,Zero-Day Exploit,2019,4.67,8805448
2334,India,Education,Data Breach,2022,5.72,27532285
2335,India,Healthcare,Ransomware,2021,1.05,24810392
2336,India,Healthcare,Phishing,2020,2.68,47350457
2337,Russia,Healthcare,SQL Injection,2024,3.24,19744697
2338,China,Finance,Credential Stuffing,2022,2.57,10448743
2339,France,Technology,Ransomware,2022,1.08,26829929
2340,India,Healthcare,Supply Chain Attack,2018,2.94,40858199
2341,Russia,Healthcare,Credential Stuffing,2018,6.76,31414008
2342,China,Manufacturing,SQL Injection,2020,0.83,49231432
2343,United States,Government,Ransomware,2015,0.88,12410634
2344,United States,Finance,Phishing,2022,2.47,25188919
2345,Russia,Retail,Phishing,2020,13.29,1653105
2346,Netherlands,Healthcare,SQL Injection,2021,5.47,26878279
2347,United States,Retail,Ransomware,2017,5.61,25855121
2348,South Korea,Education,Supply Chain Attack,2017,2.52,15799539
2349,United States,Finance,Phishing,2017,4.55,21726647
2350,China,Government,SQL Injection,2024,0.55,5280256
2351,Russia,Healthcare,Supply Chain Attack,2017,5.05,47744831
2352,United States,Energy,Ransomware,2019,11.5,15925867
2353,Russia,Finance,Phishing,2017,4.77,27579835
2354,Russia,Retail,Man-in-the-Middle,2018,9.81,13072870
2355,Russia,Retail,Man-in-the-Middle,2020,6.29,28814908
2356,Germany,Healthcare,Insider Threat,2017,1.08,25176438
2357,China,Government,Insider Threat,2023,10.97,18921924
2358,China,Technology,Man-in-the-Middle,2020,0.81,27270309
2359,Brazil,Manufacturing,Phishing,2022,3.94,22283442
2360,United States,Retail,Man-in-the-Middle,2022,1.19,36484831
2361,Japan,Finance,Ransomware,2019,0.55,7818541
2362,United Kingdom,Transportation,Ransomware,2017,2.97,628473
2363,United Kingdom,Technology,Phishing,2022,2.07,17410705
2364,United States,Government,SQL Injection,2023,3.49,49682644
2365,Iran,Finance,Credential Stuffing,2022,4.37,8379582
2366,China,Finance,DDoS,2024,0.7,1157360
2367,United States,Healthcare,Data Breach,2021,1.09,9764228
2368,United States,Retail,Credential Stuffing,2021,4.18,24639464
2369,India,Healthcare,Data Breach,2024,2.39,15299389
2370,Netherlands,Technology,Phishing,2024,6.38,39787006
2371,China,Finance,Credential Stuffing,2022,5.25,3581411
2372,Russia,Education,Zero-Day Exploit,2023,8.91,22935473
2373,United States,Retail,Phishing,2024,5.81,20561147
2374,United Kingdom,Finance,SQL Injection,2017,3.03,32726950
2375,Russia,Government,DDoS,2018,5.53,38736722
2376,United States,Energy,DDoS,2019,1.95,29487830
2377,United Kingdom,Government,Phishing,2023,2.15,45739426
2378,United States,Finance,Credential Stuffing,2016,7.5,28735123
2379,India,Technology,Man-in-the-Middle,2022,3.16,12079906
2380,China,Healthcare,Data Breach,2022,7.71,34904625
2381,Germany,Finance,Data Breach,2019,8.28,8582399
2382,United States,Government,Data Breach,2018,9.27,14958351
2383,France,Transportation,DDoS,2019,11.68,48466958
2384,Brazil,Energy,SQL Injection,2018,3.04,14877172
2385,United States,Finance,DDoS,2017,2.23,38030219
2386,United States,Manufacturing,SQL Injection,2024,4.43,9578772
2387,Japan,Technology,Phishing,2024,2.59,16387512
2388,United States,Healthcare,Data Breach,2024,4.64,11354268
2389,China,Finance,Ransomware,2024,6.0,29908922
2390,Russia,Government,Credential Stuffing,2018,5.75,28575671
2391,China,Government,Data Breach,2020,2.61,39309859
2392,Japan,Healthcare,Phishing,2016,1.32,43946286
2393,India,Education,Phishing,2021,3.03,19369756
2394,United Kingdom,Retail,Supply Chain Attack,2018,1.19,32904924
2395,India,Healthcare,Phishing,2019,10.44,25645893
2396,United Kingdom,Education,SQL Injection,2018,2.41,31666477
2397,India,Technology,Supply Chain Attack,2023,1.26,36046253
2398,China,Technology,DDoS,2023,0.62,17459662
2399,Japan,Government,Data Breach,2018,5.17,26170335
2400,United Kingdom,Finance,Phishing,2016,5.06,24091177
2401,Brazil,Finance,Data Breach,2023,2.37,38549959
2402,Germany,Manufacturing,Ransomware,2023,0.83,2931759
2403,China,Technology,Ransomware,2021,2.87,49293966
2404,United Kingdom,Government,Man-in-the-Middle,2020,2.18,33754074
2405,United States,Retail,Credential Stuffing,2020,5.59,43663482
2406,United States,Energy,Supply Chain Attack,2023,4.69,37038334
2407,United States,Telecommunications,Data Breach,2020,2.54,43893640
2408,China,Retail,Data Breach,2021,1.61,21864681
2409,United States,Finance,Ransomware,2023,20.42,4084132
2410,Germany,Education,Insider Threat,2024,3.22,34777577
2411,Russia,Transportation,DDoS,2022,5.75,41849977
2412,Russia,Retail,Ransomware,2019,1.18,28070860
2413,United States,Government,Phishing,2019,3.49,3554482
2414,China,Finance,Man-in-the-Middle,2021,0.63,7297981
2415,United States,Government,Phishing,2022,3.67,28854422
2416,United Kingdom,Technology,Zero-Day Exploit,2024,15.46,37912379
2417,Germany,Healthcare,Man-in-the-Middle,2023,2.68,16562451
2418,United Kingdom,Finance,Phishing,2019,0.68,38120393
2419,Mexico,Healthcare,Data Breach,2023,0.64,500064
2420,India,Finance,DDoS,2024,2.71,48288809
2421,Russia,Finance,Ransomware,2022,1.28,2997593
2422,United States,Retail,Data Breach,2024,0.61,41133261
2423,China,Finance,Ransomware,2020,6.85,6638884
2424,Russia,Energy,Supply Chain Attack,2018,3.26,25171359
2425,United States,Transportation,Zero-Day Exploit,2020,2.04,16916881
2426,China,Finance,Phishing,2021,10.87,19720221
2427,United States,Energy,Phishing,2023,1.06,47057711
2428,United States,Finance,Phishing,2020,14.55,36982793
2429,Brazil,Finance,Data Breach,2024,2.2,23100270
2430,Netherlands,Telecommunications,Supply Chain Attack,2022,10.37,8190319
2431,Russia,Government,Phishing,2021,4.66,38636813
2432,Russia,Healthcare,Supply Chain Attack,2024,8.39,38308949
2433,United Kingdom,Healthcare,Supply Chain Attack,2016,19.11,2627114
2434,Russia,Healthcare,Phishing,2018,2.03,24772334
2435,Japan,Finance,Phishing,2019,15.11,22713735
2436,Russia,Finance,SQL Injection,2016,2.72,10528642
2437,United States,Education,DDoS,2020,2.69,40867716
2438,United States,Energy,Ransomware,2020,2.37,34002160
2439,France,Healthcare,Phishing,2021,4.01,38857973
2440,China,Healthcare,Ransomware,2024,1.25,44510732
2441,China,Finance,Phishing,2022,4.13,29225243
2442,India,Finance,Phishing,2024,4.01,42407675
2443,United States,Manufacturing,SQL Injection,2024,6.96,14123820
2444,Russia,Energy,DDoS,2024,8.57,2648291
2445,Germany,Finance,Credential Stuffing,2019,3.11,1348994
2446,France,Education,Ransomware,2016,2.12,39706522
2447,India,Finance,Phishing,2020,1.85,25222496
2448,United States,Healthcare,Data Breach,2023,1.47,31256652
2449,United States,Technology,Data Breach,2022,0.77,3551085
2450,France,Manufacturing,Ransomware,2019,2.39,24938981
2451,Brazil,Healthcare,Supply Chain Attack,2024,1.92,27299145
2452,China,Retail,Ransomware,2022,15.77,34292082
2453,Brazil,Government,SQL Injection,2020,4.17,35353486
2454,United States,Technology,DDoS,2023,2.42,43903490
2455,Germany,Healthcare,Data Breach,2018,4.41,42725673
2456,India,Transportation,Data Breach,2023,1.17,17706406
2457,Israel,Finance,Ransomware,2018,3.14,8776610
2458,United States,Finance,Supply Chain Attack,2021,4.93,18677618
2459,Brazil,Technology,Phishing,2024,3.52,34239191
2460,France,Retail,Ransomware,2017,2.81,24208063
2461,China,Transportation,Ransomware,2020,23.41,24188141
2462,Mexico,Telecommunications,Phishing,2023,10.05,8828425
2463,Russia,Telecommunications,DDoS,2024,4.89,6927516
2464,China,Manufacturing,Data Breach,2019,4.29,38939733
2465,Brazil,Manufacturing,Man-in-the-Middle,2020,4.86,45734058
2466,Russia,Healthcare,Zero-Day Exploit,2024,1.51,45110258
2467,Saudi Arabia,Healthcare,Ransomware,2019,2.76,24137717
2468,France,Transportation,Phishing,2024,0.68,2241205
2469,China,Technology,Data Breach,2024,3.4,34874839
2470,Brazil,Finance,Data Breach,2022,4.02,10710732
2471,India,Government,Ransomware,2022,1.66,27730619
2472,China,Government,SQL Injection,2018,15.46,30253669
2473,Germany,Retail,Credential Stuffing,2024,11.31,21452747
2474,United Kingdom,Telecommunications,Supply Chain Attack,2024,6.26,31938743
2475,United States,Finance,SQL Injection,2023,3.93,23831694
2476,United States,Healthcare,Phishing,2019,9.68,5119741
2477,United States,Retail,Data Breach,2019,1.13,39308202
2478,United States,Finance,DDoS,2019,7.53,34650121
2479,United States,Education,Zero-Day Exploit,2023,1.1,13224641
2480,China,Technology,SQL Injection,2016,7.61,42857357
2481,China,Finance,Data Breach,2022,1.95,45807848
2482,India,Healthcare,Phishing,2018,9.93,42021253
2483,China,Technology,Insider Threat,2023,13.47,18699108
2484,Germany,Manufacturing,DDoS,2018,1.22,49318454
2485,China,Technology,Credential Stuffing,2024,3.3,12750821
2486,China,Transportation,Ransomware,2022,18.33,12390970
2487,Japan,Manufacturing,Data Breach,2015,3.47,38144248
2488,Israel,Finance,Phishing,2021,9.46,29159611
2489,United Kingdom,Healthcare,Ransomware,2022,4.5,44432807
2490,United States,Government,Data Breach,2017,2.62,16646114
2491,Netherlands,Retail,Ransomware,2024,2.01,46234095
2492,France,Healthcare,Supply Chain Attack,2023,1.52,43238265
2493,Australia,Education,Insider Threat,2024,6.96,16862711
2494,Saudi Arabia,Energy,Credential Stuffing,2017,2.7,48770229
2495,Japan,Retail,Phishing,2017,3.72,49145572
2496,United States,Education,Ransomware,2020,3.55,22840705
2497,Japan,Education,Man-in-the-Middle,2021,4.37,8061892
2498,China,Government,Ransomware,2016,9.53,24653691
2499,Germany,Finance,DDoS,2024,18.27,46503281
2500,Brazil,Government,SQL Injection,2019,2.86,44642094
2501,France,Energy,Data Breach,2017,8.41,3235963
2502,United Kingdom,Energy,Phishing,2020,7.01,10783775
2503,Russia,Education,DDoS,2024,4.33,28817346
2504,India,Finance,Man-in-the-Middle,2019,14.56,37937562
2505,China,Government,Phishing,2024,1.51,37724027
2506,Russia,Transportation,Supply Chain Attack,2020,1.02,32354096
2507,Russia,Education,DDoS,2024,9.16,13748987
2508,United Kingdom,Healthcare,DDoS,2023,3.1,36167293
2509,Canada,Finance,Zero-Day Exploit,2019,8.95,47366665
2510,United States,Finance,DDoS,2023,10.56,3275172
2511,Russia,Manufacturing,DDoS,2022,0.79,10074798
2512,China,Government,Phishing,2022,10.17,21595158
2513,South Korea,Finance,Phishing,2016,3.18,8676614
2514,China,Manufacturing,DDoS,2021,3.71,5932672
2515,Italy,Education,Zero-Day Exploit,2022,4.93,28482824
2516,China,Transportation,Phishing,2017,12.24,2146077
2517,United States,Government,Phishing,2022,0.59,44054169
2518,France,Education,Phishing,2023,3.42,2226317
2519,Germany,Healthcare,Phishing,2015,5.74,34187263
2520,Germany,Healthcare,Credential Stuffing,2021,6.27,42304896
2521,Russia,Government,SQL Injection,2023,5.81,20038118
2522,United Kingdom,Government,Data Breach,2024,1.15,43964503
2523,China,Education,Credential Stuffing,2023,2.1,8905965
2524,United States,Government,Data Breach,2018,2.5,38145310
2525,India,Retail,Zero-Day Exploit,2021,7.84,26466381
2526,United States,Government,DDoS,2021,1.97,38703919
2527,Russia,Government,SQL Injection,2022,1.56,22174226
2528,United States,Government,Phishing,2020,14.71,9869965
2529,China,Technology,Ransomware,2019,0.54,27217857
2530,Brazil,Finance,Ransomware,2018,28.08,11288067
2531,China,Government,SQL Injection,2021,5.58,27952643
2532,India,Finance,Phishing,2017,8.43,3561597
2533,India,Finance,Man-in-the-Middle,2024,2.07,24096214
2534,Russia,Retail,Zero-Day Exploit,2022,0.56,2870624
2535,China,Government,Data Breach,2016,6.53,32145613
2536,United Kingdom,Healthcare,Ransomware,2023,8.58,32848820
2537,United States,Technology,Phishing,2023,6.57,37421825
2538,United States,Education,Data Breach,2023,1.19,39662043
2539,France,Retail,Ransomware,2023,6.8,47342410
2540,Russia,Technology,DDoS,2024,7.09,16811050
2541,United States,Transportation,Data Breach,2016,5.34,16990615
2542,Japan,Healthcare,Phishing,2024,7.04,36325566
2543,Russia,Healthcare,DDoS,2020,8.92,25308652
2544,United States,Healthcare,SQL Injection,2022,4.78,671353
2545,Netherlands,Finance,DDoS,2022,0.92,26719109
2546,United States,Finance,SQL Injection,2016,3.51,32260305
2547,Germany,Finance,Phishing,2015,0.86,23465620
2548,United States,Finance,Zero-Day Exploit,2017,2.86,6911716
2549,United Kingdom,Technology,Data Breach,2023,2.85,34560684
2550,United States,Retail,Ransomware,2018,0.81,6615479
2551,South Korea,Finance,DDoS,2017,2.43,43660342
2552,China,Energy,Zero-Day Exploit,2019,1.03,22403527
2553,United Kingdom,Telecommunications,Phishing,2019,7.93,36816863
2554,China,Telecommunications,DDoS,2022,13.78,47727248
2555,China,Energy,DDoS,2024,0.84,20602407
2556,Canada,Energy,Credential Stuffing,2017,14.47,5015651
2557,United States,Manufacturing,Ransomware,2015,3.83,24803577
2558,China,Healthcare,Supply Chain Attack,2019,2.1,48294703
2559,China,Finance,Phishing,2024,0.86,23413709
2560,Germany,Technology,Supply Chain Attack,2022,3.62,38041388
2561,China,Technology,Data Breach,2017,7.62,48167734
2562,United Kingdom,Government,Zero-Day Exploit,2024,6.03,9583763
2563,Germany,Government,Credential Stuffing,2023,0.73,1209057
2564,United States,Education,SQL Injection,2021,0.84,39786834
2565,Russia,Retail,Zero-Day Exploit,2022,2.82,42719784
2566,United States,Government,Ransomware,2016,2.07,28529636
2567,China,Education,Ransomware,2024,1.69,48785497
2568,United Kingdom,Energy,Credential Stuffing,2024,1.98,24885512
2569,United States,Healthcare,Ransomware,2018,7.82,16780512
2570,Germany,Government,Credential Stuffing,2018,12.42,9938356
2571,Brazil,Finance,Phishing,2022,2.84,49509181
2572,Israel,Energy,Credential Stuffing,2020,11.15,22907193
2573,Russia,Government,Phishing,2017,2.25,39660193
2574,United States,Education,Ransomware,2023,3.41,7142827
2575,United States,Technology,Phishing,2018,1.65,49718304
2576,China,Energy,Man-in-the-Middle,2023,5.1,12067296
2577,Germany,Energy,Phishing,2022,17.88,36158212
2578,United States,Government,Credential Stuffing,2018,4.66,44610433
2579,China,Technology,Data Breach,2023,2.49,22987090
2580,Canada,Finance,Man-in-the-Middle,2023,5.2,27950711
2581,United States,Finance,DDoS,2023,1.09,17636127
2582,France,Technology,SQL Injection,2020,10.38,20841653
2583,France,Energy,Phishing,2023,3.65,47302094
2584,United States,Finance,Ransomware,2024,3.18,49736284
2585,Saudi Arabia,Government,Data Breach,2020,4.47,44607789
2586,United States,Education,Credential Stuffing,2024,4.91,3636219
2587,India,Government,Ransomware,2022,0.84,20334311
2588,United States,Education,DDoS,2018,5.66,35221640
2589,United Kingdom,Healthcare,Data Breach,2018,1.75,2853607
2590,Russia,Transportation,Data Breach,2017,6.13,24370864
2591,Germany,Healthcare,Ransomware,2022,8.28,26947260
2592,United Kingdom,Technology,Data Breach,2023,7.83,25790512
2593,United States,Technology,DDoS,2021,4.12,16451061
2594,Russia,Finance,Insider Threat,2022,3.8,16105566
2595,United Kingdom,Government,SQL Injection,2018,1.19,18931643
2596,Japan,Retail,Credential Stuffing,2021,7.22,4070181
2597,United States,Government,Insider Threat,2022,1.92,9538835
2598,United States,Technology,SQL Injection,2015,3.59,16614966
2599,France,Education,Ransomware,2020,2.01,37471532
2600,India,Finance,DDoS,2021,1.15,33016447
2601,China,Healthcare,Zero-Day Exploit,2022,4.97,10603612
2602,Netherlands,Technology,Ransomware,2024,0.75,41728074
2603,China,Transportation,DDoS,2023,6.71,35905248
2604,United States,Healthcare,Phishing,2023,2.22,12876269
2605,China,Transportation,Ransomware,2018,0.5,43762596
2606,United States,Finance,Ransomware,2018,3.72,30948493
2607,India,Retail,SQL Injection,2020,0.72,31339192
2608,India,Retail,Man-in-the-Middle,2021,1.95,49713951
2609,United Kingdom,Retail,Supply Chain Attack,2024,6.02,36323186
2610,France,Manufacturing,Data Breach,2021,0.79,7062044
2611,Germany,Telecommunications,Phishing,2016,8.73,26548136
2612,Japan,Finance,Credential Stuffing,2016,0.52,26425036
2613,United Kingdom,Government,Insider Threat,2024,1.78,20653661
2614,China,Education,Supply Chain Attack,2016,6.58,47262713
2615,India,Finance,Data Breach,2018,2.21,11569571
2616,Russia,Healthcare,Credential Stuffing,2022,0.98,31922828
2617,France,Education,Insider Threat,2023,2.51,39611706
2618,China,Government,Credential Stuffing,2017,1.92,35787946
2619,United States,Manufacturing,Ransomware,2021,8.82,10031771
2620,Canada,Healthcare,Ransomware,2017,2.19,6134778
2621,Italy,Healthcare,Phishing,2023,7.5,41947471
2622,Russia,Education,DDoS,2020,10.51,15911998
2623,United States,Healthcare,Ransomware,2016,3.06,37531340
2624,Russia,Retail,Insider Threat,2021,11.33,24408041
2625,India,Government,Man-in-the-Middle,2017,2.63,42155994
2626,India,Finance,SQL Injection,2016,15.47,38298885
2627,Ukraine,Healthcare,Supply Chain Attack,2022,0.92,24037535
2628,Israel,Transportation,Phishing,2024,5.73,2956256
2629,South Korea,Finance,SQL Injection,2024,3.56,19059012
2630,United States,Finance,Supply Chain Attack,2018,2.71,15030166
2631,Japan,Retail,Ransomware,2024,5.01,34687775
2632,India,Healthcare,Data Breach,2022,5.98,33559209
2633,China,Healthcare,Man-in-the-Middle,2022,0.52,8593288
2634,United Kingdom,Education,Ransomware,2018,1.32,16907650
2635,France,Finance,Credential Stuffing,2016,6.12,16202821
2636,Italy,Technology,DDoS,2023,5.44,49778956
2637,France,Government,Ransomware,2022,15.72,27218033
2638,United States,Healthcare,Credential Stuffing,2023,6.94,19286279
2639,United States,Healthcare,Phishing,2020,14.05,5827416
2640,China,Education,Phishing,2023,5.96,27047858
2641,United States,Government,Data Breach,2019,2.09,558845
2642,United States,Healthcare,Credential Stuffing,2023,1.0,25732743
2643,France,Transportation,Data Breach,2023,7.35,14884499
2644,Russia,Manufacturing,Credential Stuffing,2021,5.15,48701112
2645,United Kingdom,Healthcare,Ransomware,2019,0.72,45741183
2646,Russia,Finance,Phishing,2023,2.51,42137383
2647,Russia,Government,Phishing,2017,14.64,47698465
2648,Germany,Energy,DDoS,2018,3.62,12840243
2649,United States,Government,DDoS,2024,3.05,36425273
2650,India,Retail,Ransomware,2018,3.25,41464623
2651,United Kingdom,Transportation,Zero-Day Exploit,2022,1.55,34171955
2652,China,Education,Zero-Day Exploit,2017,2.57,42533782
2653,China,Education,DDoS,2024,2.58,25802955
2654,Russia,Retail,Ransomware,2024,0.74,2865993
2655,United States,Finance,Data Breach,2021,7.07,10392077
2656,Brazil,Healthcare,Ransomware,2022,2.92,1250944
2657,India,Healthcare,Insider Threat,2023,8.27,916194
2658,China,Healthcare,Data Breach,2019,9.05,21066677
2659,United Kingdom,Government,Zero-Day Exploit,2024,1.57,43030125
2660,Brazil,Technology,Ransomware,2020,5.32,33801421
2661,United Kingdom,Education,DDoS,2024,3.38,48384053
2662,United States,Manufacturing,Credential Stuffing,2023,10.05,18242404
2663,Germany,Manufacturing,DDoS,2022,1.59,23392632
2664,Germany,Government,Ransomware,2023,5.6,13458596
2665,Japan,Education,SQL Injection,2022,4.71,22046578
2666,United States,Energy,SQL Injection,2022,2.07,14756839
2667,United States,Finance,Phishing,2024,1.16,37738783
2668,Russia,Manufacturing,Man-in-the-Middle,2018,5.25,45055392
2669,Russia,Government,Credential Stuffing,2024,6.54,40392695
2670,United Kingdom,Energy,Zero-Day Exploit,2020,2.21,5236940
2671,China,Energy,DDoS,2020,5.16,15954565
2672,Germany,Finance,Phishing,2023,2.76,35297759
2673,Germany,Retail,Supply Chain Attack,2022,6.12,10760401
2674,United States,Technology,SQL Injection,2024,1.5,29335571
2675,Germany,Finance,Data Breach,2018,10.44,7660164
2676,Germany,Finance,Data Breach,2022,2.02,15763909
2677,United States,Manufacturing,Phishing,2024,2.56,17363786
2678,Italy,Energy,Credential Stuffing,2018,0.77,20751725
2679,India,Government,Credential Stuffing,2024,1.03,28471065
2680,France,Manufacturing,Ransomware,2023,3.76,33731748
2681,Germany,Finance,SQL Injection,2021,1.9,18953828
2682,United States,Education,Phishing,2023,8.62,3683560
2683,United States,Government,Data Breach,2016,0.57,42066802
2684,France,Transportation,Ransomware,2022,2.64,18595668
2685,China,Finance,Man-in-the-Middle,2021,2.35,20021887
2686,Canada,Manufacturing,Man-in-the-Middle,2019,0.59,36449090
2687,France,Finance,Ransomware,2022,1.1,1480275
2688,United States,Retail,Ransomware,2021,2.9,1829584
2689,Brazil,Finance,Phishing,2017,3.56,18445006
2690,China,Manufacturing,Ransomware,2018,2.83,31932148
2691,United States,Energy,Man-in-the-Middle,2021,3.91,48070100
2692,Germany,Energy,Zero-Day Exploit,2019,4.57,21196741
2693,India,Finance,Credential Stuffing,2023,0.54,43912176
2694,United States,Education,Ransomware,2024,3.31,7217137
2695,Russia,Telecommunications,Ransomware,2023,15.4,5017326
2696,China,Education,Man-in-the-Middle,2022,3.79,12300159
2697,Russia,Telecommunications,Credential Stuffing,2019,5.59,2746253
2698,India,Healthcare,Data Breach,2015,2.18,25138243
2699,China,Healthcare,Ransomware,2022,7.19,48212166
2700,China,Energy,Data Breach,2018,7.17,17881504
2701,United States,Finance,Credential Stuffing,2020,3.82,48859358
2702,India,Government,DDoS,2020,17.29,30707107
2703,Germany,Finance,Credential Stuffing,2016,1.1,12098434
2704,China,Education,Zero-Day Exploit,2023,0.58,24069812
2705,Russia,Government,Ransomware,2022,7.12,21902930
2706,United States,Healthcare,Ransomware,2018,7.91,20560428
2707,Japan,Energy,SQL Injection,2023,1.08,19083885
2708,China,Energy,Phishing,2021,1.89,23962616
2709,Russia,Government,Zero-Day Exploit,2020,0.58,10056496
2710,China,Energy,Ransomware,2016,2.06,17045918
2711,United States,Technology,Ransomware,2023,7.18,33423381
2712,South Korea,Government,Supply Chain Attack,2023,3.78,35949352
2713,Japan,Healthcare,Ransomware,2016,2.43,25828137
2714,India,Healthcare,Man-in-the-Middle,2019,2.59,22322817
2715,Australia,Manufacturing,Phishing,2022,0.51,32800322
2716,Germany,Finance,Ransomware,2023,2.1,44134446
2717,Russia,Energy,Ransomware,2024,5.18,45789843
2718,China,Government,Phishing,2022,16.96,36062252
2719,Russia,Healthcare,Data Breach,2020,8.95,37297381
2720,Germany,Education,DDoS,2020,0.61,25259400
2721,China,Finance,Phishing,2023,10.8,33669092
2722,United States,Transportation,Insider Threat,2016,7.38,5115111
2723,China,Healthcare,Data Breach,2022,7.32,18127303
2724,Russia,Technology,Phishing,2024,3.26,45651097
2725,Canada,Technology,Phishing,2020,2.78,549756
2726,United States,Finance,SQL Injection,2020,2.12,16592358
2727,Brazil,Healthcare,Credential Stuffing,2015,0.81,28604780
2728,Iran,Healthcare,Ransomware,2024,1.67,14077487
2729,Italy,Finance,Phishing,2016,1.77,20180525
2730,United States,Education,Ransomware,2023,3.48,44041093
2731,Russia,Government,Ransomware,2022,6.69,27893902
2732,China,Healthcare,Phishing,2018,3.39,19773101
2733,Japan,Energy,Ransomware,2019,0.77,41844517
2734,China,Retail,Data Breach,2021,14.74,8480387
2735,India,Healthcare,Insider Threat,2020,13.37,44721357
2736,United States,Government,SQL Injection,2018,7.42,18116399
2737,United States,Finance,SQL Injection,2021,21.86,38959204
2738,India,Healthcare,Ransomware,2015,4.04,37257899
2739,China,Retail,Phishing,2017,15.31,41529875
2740,United Kingdom,Finance,Phishing,2019,0.85,39488917
2741,Russia,Energy,Insider Threat,2020,2.55,46749680
2742,India,Technology,Ransomware,2017,1.65,49502360
2743,Russia,Technology,Data Breach,2015,1.48,45931535
2744,France,Retail,Data Breach,2022,1.18,16954792
2745,United States,Energy,Data Breach,2022,4.88,1199317
2746,Canada,Manufacturing,Data Breach,2016,7.34,31193170
2747,France,Government,Phishing,2023,4.39,41860574
2748,China,Finance,DDoS,2016,1.22,13507288
2749,United States,Healthcare,Man-in-the-Middle,2019,8.0,32596366
2750,Russia,Healthcare,Zero-Day Exploit,2024,5.05,32122871
2751,China,Technology,Data Breach,2022,2.71,36504440
2752,China,Energy,SQL Injection,2023,5.55,45957020
2753,Japan,Transportation,Supply Chain Attack,2020,1.85,1931541
2754,Canada,Government,Phishing,2024,2.41,46671301
2755,Italy,Finance,Zero-Day Exploit,2020,11.73,31282429
2756,United States,Healthcare,Ransomware,2021,2.04,13716780
2757,United Kingdom,Government,Ransomware,2022,3.36,12313553
2758,Japan,Telecommunications,Phishing,2020,10.44,26301654
2759,Germany,Finance,Zero-Day Exploit,2022,6.04,40054530
2760,United States,Finance,Data Breach,2021,0.79,43099789
2761,India,Retail,Man-in-the-Middle,2018,1.22,48753831
2762,China,Finance,Ransomware,2017,0.54,32251424
2763,Russia,Manufacturing,Zero-Day Exploit,2021,4.99,22596128
2764,United States,Technology,SQL Injection,2021,3.17,45645225
2765,Mexico,Technology,Ransomware,2016,1.15,39665585
2766,Germany,Finance,Zero-Day Exploit,2022,14.76,48655143
2767,United States,Finance,Ransomware,2023,3.89,34396861
2768,Australia,Government,Data Breach,2017,1.75,43136722
2769,Canada,Healthcare,Credential Stuffing,2022,3.62,41297875
2770,India,Finance,Phishing,2022,5.62,47670730
2771,Germany,Education,SQL Injection,2015,0.86,9277684
2772,China,Finance,SQL Injection,2024,1.95,9980278
2773,Singapore,Finance,Ransomware,2022,7.9,174688
2774,United States,Education,Phishing,2024,3.27,37328150
2775,United States,Transportation,Man-in-the-Middle,2021,4.06,16218964
2776,United States,Healthcare,DDoS,2021,3.05,35084864
2777,Brazil,Finance,Zero-Day Exploit,2021,0.7,12707758
2778,United States,Government,Data Breach,2020,1.32,4739123
2779,India,Finance,Data Breach,2023,3.15,41082369
2780,Russia,Government,Zero-Day Exploit,2024,1.56,33070332
2781,Netherlands,Finance,Phishing,2024,0.73,14331083
2782,China,Government,Insider Threat,2022,8.85,17810606
2783,China,Government,Phishing,2024,18.38,38180067
2784,China,Healthcare,Data Breach,2022,7.59,46892842
2785,Brazil,Technology,Ransomware,2019,9.15,40401661
2786,Germany,Retail,Phishing,2017,1.75,31789723
2787,Germany,Government,DDoS,2016,15.06,11835257
2788,China,Healthcare,DDoS,2023,1.49,19935862
2789,China,Finance,Supply Chain Attack,2019,14.11,8870146
2790,United States,Finance,Man-in-the-Middle,2018,24.18,4768524
2791,United States,Retail,Insider Threat,2024,6.1,27871354
2792,France,Telecommunications,DDoS,2022,18.37,9509488
2793,India,Healthcare,Credential Stuffing,2023,4.29,10531644
2794,United States,Education,DDoS,2022,1.85,33398693
2795,United States,Telecommunications,Ransomware,2018,3.09,40904485
2796,Russia,Technology,Zero-Day Exploit,2017,4.55,20849407
2797,Russia,Finance,DDoS,2016,0.84,13196806
2798,India,Transportation,Ransomware,2017,4.88,24191756
2799,Netherlands,Retail,Ransomware,2016,18.38,20571184
2800,United States,Telecommunications,Phishing,2023,1.45,45639864
2801,China,Energy,Insider Threat,2023,7.58,35146243
2802,China,Retail,Data Breach,2021,11.23,2058821
2803,United States,Telecommunications,DDoS,2020,13.45,15733662
2804,United States,Energy,Ransomware,2024,15.0,40946899
2805,United Kingdom,Finance,Man-in-the-Middle,2022,3.82,22933541
2806,Brazil,Retail,SQL Injection,2021,17.54,37631305
2807,Germany,Manufacturing,Ransomware,2024,6.87,15486147
2808,United States,Finance,Data Breach,2021,1.29,5393433
2809,Japan,Technology,Phishing,2023,3.42,13482763
2810,China,Government,Ransomware,2015,6.2,4512221
2811,United States,Finance,DDoS,2020,1.78,6908108
2812,China,Retail,Ransomware,2022,5.11,42002212
2813,China,Education,Phishing,2020,5.44,11864140
2814,Russia,Government,Ransomware,2019,1.3,39455258
2815,United Kingdom,Retail,DDoS,2022,4.25,18941159
2816,China,Finance,Phishing,2020,7.15,45978081
2817,Saudi Arabia,Education,Supply Chain Attack,2020,3.61,24463597
2818,United States,Telecommunications,Data Breach,2022,0.55,20978706
2819,Russia,Finance,Phishing,2022,0.54,42333102
2820,Russia,Retail,Data Breach,2024,2.49,16092809
2821,France,Manufacturing,Zero-Day Exploit,2024,12.23,37685811
2822,China,Finance,DDoS,2016,1.67,42885669
2823,Russia,Energy,Supply Chain Attack,2023,5.03,13346222
2824,Brazil,Energy,Ransomware,2020,1.63,32030048
2825,United States,Retail,Supply Chain Attack,2020,2.25,45883148
2826,United States,Healthcare,Ransomware,2022,8.98,43530278
2827,Brazil,Government,Supply Chain Attack,2015,6.37,35640704
2828,Iran,Finance,Ransomware,2023,0.95,34919797
2829,United States,Healthcare,Phishing,2015,3.02,29096055
2830,Brazil,Finance,DDoS,2020,0.63,36796754
2831,China,Healthcare,Phishing,2020,3.45,25281905
2832,United Kingdom,Transportation,Phishing,2022,5.39,31623685
2833,United Kingdom,Retail,Supply Chain Attack,2021,1.07,24100249
2834,India,Transportation,Man-in-the-Middle,2015,2.03,9710722
2835,China,Energy,DDoS,2023,2.78,42231709
2836,Brazil,Finance,Ransomware,2024,11.84,25889995
2837,United States,Finance,Phishing,2022,23.0,15703821
2838,United States,Retail,Ransomware,2022,0.71,20033821
2839,Canada,Energy,Data Breach,2024,6.94,32468195
2840,Russia,Education,SQL Injection,2021,2.59,47099938
2841,United States,Telecommunications,DDoS,2017,2.74,37331296
2842,Canada,Retail,Ransomware,2022,6.82,28065599
2843,Brazil,Finance,Ransomware,2022,11.78,16635115
2844,China,Healthcare,Phishing,2017,14.07,11788610
2845,United States,Technology,Zero-Day Exploit,2022,4.37,23502946
2846,Russia,Finance,Man-in-the-Middle,2018,2.49,36327751
2847,United States,Finance,Credential Stuffing,2018,7.47,21642228
2848,India,Education,Phishing,2022,1.8,18421489
2849,Brazil,Manufacturing,Insider Threat,2022,4.24,33239638
2850,China,Retail,Ransomware,2023,2.5,9357932
2851,United States,Finance,DDoS,2018,5.31,42179576
2852,United Kingdom,Retail,DDoS,2020,1.74,30883887
2853,United States,Energy,Phishing,2017,1.46,39100168
2854,United States,Retail,Phishing,2017,11.77,48715843
2855,United States,Government,Phishing,2020,0.98,22029687
2856,China,Finance,Credential Stuffing,2018,3.67,33629336
2857,Canada,Government,Phishing,2019,1.62,45600530
2858,United States,Healthcare,Credential Stuffing,2024,0.68,19754193
2859,United Kingdom,Manufacturing,Insider Threat,2023,0.67,3789614
2860,China,Healthcare,Zero-Day Exploit,2022,1.37,21734423
2861,China,Finance,Data Breach,2024,9.57,18750187
2862,Russia,Retail,Data Breach,2022,1.99,1940583
2863,India,Healthcare,Phishing,2021,14.02,19689214
2864,United States,Finance,Phishing,2022,4.42,25653259
2865,China,Healthcare,Ransomware,2019,3.08,22004681
2866,United States,Retail,Phishing,2020,4.4,24466578
2867,United States,Technology,Data Breach,2024,3.77,28553875
2868,Canada,Transportation,Insider Threat,2020,6.9,6825811
2869,India,Finance,Phishing,2020,1.99,1261502
2870,United Kingdom,Healthcare,Data Breach,2019,2.46,30714168
2871,Brazil,Energy,Phishing,2019,10.6,29041175
2872,France,Finance,Man-in-the-Middle,2019,13.67,14554039
2873,Israel,Energy,Data Breach,2024,10.54,12229215
2874,France,Finance,DDoS,2024,2.95,26532775
2875,China,Finance,Ransomware,2023,7.32,10967790
2876,India,Finance,Data Breach,2019,3.41,35680560
2877,Russia,Finance,Ransomware,2019,3.6,31084135
2878,Australia,Government,Zero-Day Exploit,2016,1.53,36631727
2879,Russia,Retail,Data Breach,2024,4.52,2326444
2880,China,Finance,Ransomware,2022,1.43,45400240
2881,United States,Technology,Data Breach,2020,2.31,13886355
2882,China,Healthcare,Data Breach,2024,9.19,10738173
2883,China,Telecommunications,Credential Stuffing,2022,1.54,34631369
2884,Canada,Government,Supply Chain Attack,2023,0.83,49781386
2885,France,Finance,Phishing,2018,0.82,22494783
2886,United States,Government,DDoS,2023,13.22,11488157
2887,Saudi Arabia,Education,Zero-Day Exploit,2023,3.68,16125302
2888,India,Energy,Man-in-the-Middle,2019,2.87,28276923
2889,France,Energy,Phishing,2021,7.99,43480886
2890,Mexico,Technology,Ransomware,2018,8.63,35183572
2891,Singapore,Technology,Man-in-the-Middle,2024,2.32,27577520
2892,United States,Healthcare,Ransomware,2024,5.82,10628272
2893,United Kingdom,Government,Phishing,2019,7.14,20440605
2894,China,Technology,Data Breach,2021,5.28,29354623
2895,Brazil,Energy,Phishing,2022,1.24,2916696
2896,Australia,Transportation,Man-in-the-Middle,2022,9.89,33196709
2897,United States,Retail,Data Breach,2022,3.99,30877153
2898,Mexico,Healthcare,Ransomware,2017,1.99,37681968
2899,China,Energy,Phishing,2016,2.99,33402692
2900,Japan,Finance,Phishing,2019,0.67,27631857
2901,Brazil,Government,Insider Threat,2020,1.12,4867040
2902,China,Government,Data Breach,2022,7.03,20239827
2903,Japan,Government,Data Breach,2021,0.5,384183
2904,Japan,Retail,Man-in-the-Middle,2024,2.92,42474738
2905,United States,Healthcare,SQL Injection,2024,3.83,16419267
2906,India,Healthcare,Supply Chain Attack,2022,0.75,39162500
2907,Brazil,Government,Data Breach,2021,16.77,31074555
2908,Germany,Healthcare,Ransomware,2023,1.65,49405185
2909,Australia,Finance,Zero-Day Exploit,2021,2.13,27444769
2910,United States,Healthcare,Zero-Day Exploit,2023,2.13,42609392
2911,Germany,Education,Phishing,2019,1.68,33369121
2912,Italy,Energy,Man-in-the-Middle,2018,0.51,32191326
2913,India,Education,Phishing,2017,6.38,19828114
2914,India,Transportation,Man-in-the-Middle,2015,15.83,19313363
2915,United States,Transportation,DDoS,2024,1.64,40018675
2916,Israel,Telecommunications,Man-in-the-Middle,2022,5.4,11713061
2917,Canada,Government,Ransomware,2017,6.59,36809524
2918,Russia,Government,Phishing,2022,8.99,21574979
2919,China,Retail,Ransomware,2017,2.97,9085070
2920,Russia,Education,Ransomware,2021,2.12,39823723
2921,United States,Government,SQL Injection,2016,2.27,30479462
2922,China,Healthcare,Zero-Day Exploit,2019,6.11,29627759
2923,United States,Transportation,Ransomware,2024,8.14,1932403
2924,India,Government,DDoS,2021,1.4,2751921
2925,United States,Education,Credential Stuffing,2018,2.59,40869427
2926,Australia,Finance,Ransomware,2022,10.95,31759518
2927,United States,Government,Data Breach,2023,7.9,23303256
2928,United States,Finance,Data Breach,2020,19.36,49662228
2929,Germany,Manufacturing,Data Breach,2021,6.82,427041
2930,Australia,Energy,Zero-Day Exploit,2022,2.75,12262478
2931,Japan,Education,Ransomware,2023,4.52,38404756
2932,China,Government,Phishing,2017,5.37,386454
2933,United States,Retail,Phishing,2018,0.87,28106073
2934,India,Energy,SQL Injection,2016,4.04,39060868
2935,Australia,Retail,DDoS,2019,6.06,935809
2936,France,Transportation,Ransomware,2020,1.32,2485278
2937,Japan,Energy,Ransomware,2019,7.33,48115119
2938,Japan,Finance,Supply Chain Attack,2024,4.44,6379122
2939,Netherlands,Healthcare,Ransomware,2017,14.19,48518069
2940,China,Technology,Credential Stuffing,2022,0.7,5477730
2941,South Korea,Retail,Data Breach,2022,1.89,6288993
2942,China,Retail,Phishing,2023,4.64,16328570
2943,United States,Energy,Phishing,2017,2.08,12054340
2944,China,Retail,Zero-Day Exploit,2023,6.14,28688272
2945,United States,Finance,Data Breach,2020,6.9,18123681
2946,United States,Government,Data Breach,2017,0.99,34690610
2947,Italy,Retail,SQL Injection,2017,3.75,8875306
2948,France,Finance,DDoS,2023,3.7,12932466
2949,Netherlands,Retail,Phishing,2021,2.57,49090647
2950,United Kingdom,Transportation,Man-in-the-Middle,2023,12.66,34087569
2951,United States,Technology,Ransomware,2024,8.41,8602641
2952,Singapore,Healthcare,Phishing,2021,5.88,30461979
2953,Germany,Technology,Data Breach,2022,6.14,26167644
2954,South Korea,Retail,Data Breach,2018,3.29,48382991
2955,France,Manufacturing,Credential Stuffing,2022,11.92,48191744
2956,China,Government,Ransomware,2022,5.84,17205025
2957,India,Education,SQL Injection,2023,6.38,42198679
2958,United States,Manufacturing,Ransomware,2024,9.4,24129561
2959,China,Education,Ransomware,2021,1.94,32079035
2960,Germany,Finance,Ransomware,2020,7.9,32482716
2961,United States,Government,Ransomware,2023,1.48,1750966
2962,Germany,Technology,Data Breach,2024,2.41,28470437
2963,Italy,Finance,Supply Chain Attack,2022,2.34,37331705
2964,Italy,Finance,Phishing,2024,17.78,23010423
2965,China,Transportation,Zero-Day Exploit,2019,9.24,10190980
2966,Saudi Arabia,Retail,Insider Threat,2020,5.94,38401916
2967,Singapore,Government,Phishing,2019,6.34,29342353
2968,United States,Finance,DDoS,2019,4.22,16432028
2969,India,Government,Zero-Day Exploit,2019,13.73,27200954
2970,Australia,Manufacturing,Data Breach,2020,3.59,10339560
2971,Singapore,Energy,Data Breach,2016,2.65,32525466
2972,China,Healthcare,Data Breach,2018,1.3,38789280
2973,India,Retail,SQL Injection,2021,7.44,8400828
2974,South Korea,Technology,DDoS,2020,6.47,34178667
2975,United States,Government,Ransomware,2024,2.68,4817267
2976,Germany,Healthcare,Man-in-the-Middle,2019,0.61,41285977
2977,China,Energy,Man-in-the-Middle,2018,8.72,46682192
2978,Iran,Transportation,DDoS,2023,0.55,40385239
2979,United States,Government,Ransomware,2017,5.97,22883744
2980,Canada,Finance,Credential Stuffing,2022,16.32,27219826
2981,United States,Telecommunications,Phishing,2017,3.09,21523236
2982,Germany,Technology,Phishing,2023,1.71,23939833
2983,United Kingdom,Healthcare,SQL Injection,2018,5.99,27387110
2984,Canada,Healthcare,Data Breach,2021,8.15,22566089
2985,Russia,Energy,Ransomware,2018,4.06,14528921
2986,China,Education,Man-in-the-Middle,2020,15.86,28487537
2987,China,Retail,Phishing,2022,0.74,24294791
2988,United States,Energy,Ransomware,2015,3.66,6924085
2989,China,Finance,Phishing,2018,6.2,46329292
2990,United States,Government,Phishing,2021,9.43,10740149
2991,United States,Energy,Ransomware,2022,1.39,22878886
2992,China,Finance,Credential Stuffing,2021,7.74,11313261
2993,Germany,Finance,Data Breach,2022,4.12,8032404
2994,Singapore,Transportation,Phishing,2023,2.77,35821130
2995,Canada,Government,Zero-Day Exploit,2020,1.14,8451492
2996,Russia,Technology,SQL Injection,2023,9.52,32424766
2997,China,Finance,Ransomware,2023,1.27,21905052
2998,India,Healthcare,Zero-Day Exploit,2015,2.17,5897262
2999,United States,Finance,Data Breach,2023,2.04,13403860
3000,Russia,Energy,SQL Injection,2024,9.73,40063208
3001,Japan,Finance,SQL Injection,2022,5.53,4910762
3002,United Kingdom,Manufacturing,Data Breach,2023,7.67,10848438
3003,Germany,Government,Ransomware,2024,1.8,29603996
3004,United States,Retail,Data Breach,2022,4.91,7776704
3005,United States,Retail,Phishing,2019,4.32,10129778
3006,Japan,Manufacturing,Data Breach,2023,8.55,9897542
3007,China,Finance,Ransomware,2024,11.14,33343698
3008,China,Finance,SQL Injection,2017,0.56,1035208
3009,Italy,Government,Data Breach,2023,5.54,32324570
3010,United States,Finance,Phishing,2016,0.74,29503663
3011,United States,Government,Credential Stuffing,2022,4.08,17255681
3012,China,Education,Ransomware,2021,2.03,21933687
3013,Germany,Government,Phishing,2024,2.15,2074342
3014,India,Retail,Data Breach,2016,2.46,38787293
3015,Canada,Healthcare,Credential Stuffing,2019,4.87,45158540
3016,United States,Healthcare,Zero-Day Exploit,2024,2.33,17271525
3017,India,Energy,Phishing,2019,6.44,25779322
3018,United Kingdom,Healthcare,Data Breach,2023,2.83,18311546
3019,Russia,Education,Data Breach,2016,0.82,23333726
3020,United States,Telecommunications,Ransomware,2018,7.39,26929720
3021,South Korea,Healthcare,Phishing,2023,2.01,22228467
3022,United States,Education,Data Breach,2023,3.05,29956204
3023,Canada,Healthcare,Phishing,2024,5.7,1766399
3024,United States,Retail,Phishing,2017,2.32,46410750
3025,United States,Telecommunications,Phishing,2023,0.76,15277987
3026,United States,Energy,Ransomware,2022,2.61,40441140
3027,United States,Transportation,Phishing,2019,13.51,16387721
3028,Germany,Government,Ransomware,2020,5.12,24235719
3029,Germany,Finance,Data Breach,2018,5.51,18439972
3030,Germany,Government,SQL Injection,2023,5.0,27776290
3031,China,Government,Data Breach,2023,1.5,49016300
3032,China,Manufacturing,DDoS,2023,2.94,43177739
3033,China,Telecommunications,Phishing,2023,6.76,48054170
3034,United States,Technology,Ransomware,2018,0.98,38511312
3035,India,Transportation,Man-in-the-Middle,2017,1.96,37877774
3036,Japan,Retail,Zero-Day Exploit,2024,1.96,32254247
3037,United States,Government,Credential Stuffing,2022,3.05,36426244
3038,China,Healthcare,Phishing,2018,18.19,12505851
3039,Russia,Government,Data Breach,2017,0.81,49835527
3040,China,Finance,Zero-Day Exploit,2017,3.79,40458070
3041,United Kingdom,Healthcare,Man-in-the-Middle,2020,1.39,44920547
3042,India,Government,SQL Injection,2024,16.38,13049453
3043,United States,Energy,Credential Stuffing,2018,1.04,40371655
3044,United States,Energy,Man-in-the-Middle,2024,2.83,32870647
3045,United States,Manufacturing,Phishing,2018,6.53,47818849
3046,China,Healthcare,Ransomware,2018,5.99,37121100
3047,United States,Retail,Data Breach,2019,2.97,4679120
3048,Japan,Manufacturing,Data Breach,2021,2.41,35346895
3049,China,Finance,Credential Stuffing,2016,2.78,17416238
3050,China,Energy,Phishing,2022,1.88,34332399
3051,Russia,Technology,Data Breach,2022,1.53,46004001
3052,United Kingdom,Government,Phishing,2020,3.47,47814223
3053,United States,Retail,Phishing,2021,1.91,27668808
3054,India,Retail,Phishing,2024,2.03,15414946
3055,United States,Government,Phishing,2015,5.31,31674295
3056,Canada,Government,Data Breach,2023,16.07,1702524
3057,China,Finance,SQL Injection,2017,4.66,11690351
3058,Russia,Telecommunications,SQL Injection,2021,0.86,17962876
3059,China,Transportation,DDoS,2022,0.85,24794222
3060,Russia,Technology,DDoS,2023,14.11,23287203
3061,China,Healthcare,Zero-Day Exploit,2019,2.09,10149676
3062,China,Government,Supply Chain Attack,2024,0.93,42889441
3063,United States,Healthcare,Data Breach,2016,4.61,46799253
3064,France,Technology,Data Breach,2019,4.9,46270241
3065,United Kingdom,Finance,Man-in-the-Middle,2020,5.21,867938
3066,United States,Government,SQL Injection,2016,1.9,34612412
3067,China,Retail,Supply Chain Attack,2024,0.57,3087814
3068,India,Government,Ransomware,2018,15.59,46262999
3069,Singapore,Retail,Ransomware,2018,1.8,16135619
3070,India,Healthcare,Ransomware,2022,5.57,20255508
3071,India,Government,Ransomware,2023,6.02,8856932
3072,Japan,Transportation,Ransomware,2023,4.74,45073716
3073,Brazil,Transportation,Ransomware,2018,2.19,11628924
3074,Russia,Telecommunications,Phishing,2015,1.92,43250206
3075,India,Technology,Ransomware,2019,4.6,13969323
3076,Japan,Manufacturing,DDoS,2024,9.55,5600168
3077,Russia,Energy,Zero-Day Exploit,2023,13.7,49951208
3078,Canada,Finance,Supply Chain Attack,2016,1.0,24928972
3079,Russia,Finance,Ransomware,2021,1.26,34340422
3080,United States,Healthcare,Phishing,2021,13.53,30790252
3081,Canada,Education,SQL Injection,2024,6.5,26088153
3082,Germany,Education,Insider Threat,2023,10.15,44781249
3083,Russia,Technology,Zero-Day Exploit,2023,1.52,44546581
3084,Canada,Education,Phishing,2023,4.49,24830340
3085,Brazil,Healthcare,Phishing,2024,5.94,8586725
3086,United Kingdom,Technology,SQL Injection,2015,5.63,38813777
3087,United Kingdom,Finance,Phishing,2021,2.86,38601060
3088,United States,Retail,Ransomware,2017,0.57,19646237
3089,France,Education,Ransomware,2017,4.44,30031292
3090,United States,Manufacturing,Ransomware,2023,1.81,24954355
3091,Iran,Finance,DDoS,2019,3.19,19780541
3092,Singapore,Government,Supply Chain Attack,2024,14.72,10718226
3093,Brazil,Healthcare,Insider Threat,2016,2.79,22414607
3094,United States,Retail,Credential Stuffing,2023,8.74,37782848
3095,Russia,Finance,Ransomware,2023,1.44,25832699
3096,Israel,Finance,Data Breach,2024,5.52,30954778
3097,Russia,Energy,Supply Chain Attack,2019,17.48,41627122
3098,Mexico,Retail,Man-in-the-Middle,2024,0.98,13090742
3099,United Kingdom,Healthcare,Credential Stuffing,2021,0.54,34009061
3100,Brazil,Government,Supply Chain Attack,2023,3.06,11249837
3101,China,Energy,Ransomware,2017,0.94,47450566
3102,Australia,Finance,Ransomware,2024,6.71,26277690
3103,Australia,Transportation,Zero-Day Exploit,2022,11.57,24363604
3104,United States,Manufacturing,DDoS,2022,3.06,45364287
3105,China,Energy,Credential Stuffing,2019,1.85,16412282
3106,China,Finance,SQL Injection,2019,3.06,18088945
3107,China,Finance,Phishing,2017,6.28,11600344
3108,China,Government,Ransomware,2023,0.54,15856077
3109,Russia,Manufacturing,Data Breach,2022,4.51,37509312
3110,Japan,Healthcare,Ransomware,2024,4.78,46171556
3111,France,Healthcare,SQL Injection,2024,5.07,48964007
3112,United Kingdom,Education,Phishing,2016,1.75,49285603
3113,India,Energy,DDoS,2020,6.13,42237908
3114,Russia,Healthcare,Phishing,2021,0.93,36907453
3115,Russia,Energy,Ransomware,2021,1.5,16838580
3116,United States,Manufacturing,DDoS,2024,9.95,38649034
3117,India,Transportation,DDoS,2017,6.54,32144698
3118,France,Energy,Ransomware,2022,0.56,33547555
3119,South Korea,Retail,Ransomware,2022,1.78,2459607
3120,Australia,Retail,Credential Stuffing,2019,1.59,46781234
3121,India,Government,SQL Injection,2024,1.92,29803376
3122,United States,Energy,Supply Chain Attack,2016,1.78,3452197
3123,China,Energy,Credential Stuffing,2017,0.79,32114143
3124,India,Government,SQL Injection,2022,3.26,7292406
3125,China,Retail,SQL Injection,2023,6.44,11739899
3126,Russia,Education,Phishing,2022,4.7,36634734
3127,China,Technology,Phishing,2022,5.53,39557406
3128,Russia,Technology,SQL Injection,2020,0.88,7519033
3129,United Kingdom,Finance,Supply Chain Attack,2023,14.12,28887917
3130,United States,Healthcare,Phishing,2019,8.7,32939404
3131,China,Healthcare,SQL Injection,2019,7.86,43891198
3132,United States,Healthcare,Man-in-the-Middle,2021,8.29,5792919
3133,United Kingdom,Energy,Insider Threat,2023,12.64,25788131
3134,Germany,Transportation,Ransomware,2024,4.04,7642239
3135,United States,Energy,Data Breach,2021,1.51,9030772
3136,Canada,Healthcare,Credential Stuffing,2022,4.82,32685384
3137,China,Government,Data Breach,2021,6.61,31983457
3138,China,Technology,SQL Injection,2023,6.53,43928640
3139,Germany,Transportation,Man-in-the-Middle,2016,3.82,9698697
3140,Australia,Education,SQL Injection,2018,0.82,42111818
3141,Canada,Healthcare,Zero-Day Exploit,2017,2.59,39365835
3142,United States,Healthcare,Phishing,2016,11.91,38834479
3143,Brazil,Education,Ransomware,2016,4.45,25336847
3144,China,Technology,Phishing,2021,3.98,17295277
3145,China,Telecommunications,Man-in-the-Middle,2024,1.91,15936665
3146,Russia,Finance,Data Breach,2016,2.57,1035698
3147,Germany,Government,Phishing,2022,10.66,19289218
3148,United States,Retail,Credential Stuffing,2024,5.44,7169258
3149,Japan,Technology,Zero-Day Exploit,2021,7.47,33718476
3150,United States,Education,Data Breach,2023,3.23,44539245
3151,Singapore,Retail,Phishing,2023,4.98,27856467
3152,Russia,Finance,Data Breach,2016,1.78,2969952
3153,Brazil,Government,DDoS,2024,6.0,41505162
3154,China,Education,Data Breach,2024,3.01,22502143
3155,Russia,Government,Phishing,2016,3.13,6800641
3156,United Kingdom,Healthcare,Insider Threat,2023,5.22,38310536
3157,United States,Transportation,Zero-Day Exploit,2024,12.89,48737446
3158,United States,Technology,Ransomware,2021,0.8,7690069
3159,Brazil,Education,SQL Injection,2022,8.34,3871118
3160,Germany,Government,Credential Stuffing,2023,2.06,16223794
3161,France,Retail,SQL Injection,2024,3.14,9459512
3162,Japan,Healthcare,DDoS,2022,0.6,6412183
3163,Brazil,Retail,Supply Chain Attack,2020,2.11,27603144
3164,Russia,Technology,Ransomware,2022,3.64,7875739
3165,United States,Energy,Phishing,2022,0.76,32209831
3166,China,Retail,Ransomware,2019,3.54,14301676
3167,Russia,Finance,Supply Chain Attack,2020,12.28,46378826
3168,United States,Telecommunications,SQL Injection,2022,1.0,21787597
3169,Japan,Healthcare,DDoS,2023,7.01,40362175
3170,Canada,Telecommunications,Data Breach,2024,2.87,16727930
3171,United States,Energy,SQL Injection,2017,5.29,5210658
3172,United States,Government,Credential Stuffing,2017,1.86,31162576
3173,Brazil,Technology,Phishing,2018,1.28,32181515
3174,Japan,Education,Credential Stuffing,2024,1.29,11966351
3175,China,Energy,Insider Threat,2024,0.83,13013049
3176,Russia,Government,Ransomware,2023,1.42,19167227
3177,Australia,Telecommunications,Phishing,2018,5.41,24917526
3178,Germany,Finance,Data Breach,2021,10.11,16208413
3179,China,Technology,Zero-Day Exploit,2018,8.07,18503997
3180,Brazil,Finance,Credential Stuffing,2015,5.7,117508
3181,Russia,Energy,Data Breach,2023,1.03,34190963
3182,United Kingdom,Technology,Insider Threat,2017,2.04,31351161
3183,United States,Energy,Man-in-the-Middle,2017,2.17,42742428
3184,United States,Healthcare,Man-in-the-Middle,2018,1.79,2036821
3185,China,Manufacturing,DDoS,2022,3.76,32738254
3186,India,Finance,Man-in-the-Middle,2022,3.95,10029621
3187,United States,Government,Credential Stuffing,2019,2.49,6087594
3188,Japan,Government,Insider Threat,2024,2.46,22940501
3189,India,Telecommunications,Data Breach,2020,8.44,33259197
3190,China,Retail,Data Breach,2024,7.51,31143595
3191,United States,Technology,Data Breach,2024,2.16,49488001
3192,Canada,Telecommunications,Phishing,2023,11.53,25483722
3193,France,Education,Data Breach,2015,14.24,8879491
3194,Germany,Finance,Supply Chain Attack,2021,2.28,21813433
3195,China,Retail,Zero-Day Exploit,2018,2.47,17884493
3196,China,Telecommunications,SQL Injection,2024,3.67,49429326
3197,United States,Energy,Zero-Day Exploit,2019,13.25,32127388
3198,India,Government,Data Breach,2021,9.91,42729936
3199,Netherlands,Education,Phishing,2024,0.99,5408620
3200,Japan,Finance,Man-in-the-Middle,2015,2.74,8070124
3201,United Kingdom,Energy,Phishing,2021,4.13,5512560
3202,United Kingdom,Finance,Supply Chain Attack,2021,3.65,37049117
3203,China,Technology,Data Breach,2021,1.47,35547366
3204,Russia,Government,Man-in-the-Middle,2022,9.31,32530500
3205,United States,Healthcare,Phishing,2019,5.58,12512120
3206,France,Energy,Phishing,2019,8.69,38860707
3207,France,Education,DDoS,2015,9.31,39203266
3208,United States,Technology,Zero-Day Exploit,2017,6.71,5195014
3209,Australia,Technology,Ransomware,2024,3.1,4716402
3210,United Kingdom,Energy,SQL Injection,2022,4.74,16379867
3211,India,Government,DDoS,2020,1.29,2473155
3212,United States,Finance,Man-in-the-Middle,2021,5.54,1327977
3213,China,Healthcare,Credential Stuffing,2020,1.39,24293985
3214,Brazil,Energy,Phishing,2022,5.83,23794128
3215,China,Finance,Ransomware,2024,1.67,36241860
3216,Singapore,Healthcare,Man-in-the-Middle,2018,1.06,40033155
3217,United Kingdom,Finance,Data Breach,2022,1.31,18677271
3218,Russia,Energy,Ransomware,2021,0.51,43849028
3219,China,Energy,Ransomware,2022,6.21,20976127
3220,China,Healthcare,Ransomware,2024,6.43,39686978
3221,China,Energy,Supply Chain Attack,2020,3.76,34226757
3222,Russia,Education,Phishing,2022,1.29,20287779
3223,United Kingdom,Retail,DDoS,2018,0.89,26606258
3224,Brazil,Telecommunications,Man-in-the-Middle,2024,0.59,44067505
3225,China,Healthcare,Data Breach,2022,1.32,36625142
3226,United States,Transportation,Ransomware,2019,10.47,11591886
3227,Russia,Government,Man-in-the-Middle,2018,1.74,25563617
3228,United Kingdom,Technology,Ransomware,2018,2.47,37286770
3229,Japan,Transportation,Ransomware,2024,1.0,8307031
3230,China,Healthcare,Ransomware,2021,1.63,27781804
3231,United Kingdom,Telecommunications,Phishing,2023,3.8,12213192
3232,United Kingdom,Finance,Zero-Day Exploit,2017,4.71,11547191
3233,China,Healthcare,Ransomware,2020,1.77,47842245
3234,United States,Telecommunications,Phishing,2017,0.77,32648201
3235,United States,Retail,Supply Chain Attack,2020,2.73,20113021
3236,Israel,Retail,DDoS,2024,1.7,22189365
3237,United Kingdom,Transportation,Phishing,2020,1.62,18121407
3238,Japan,Retail,DDoS,2016,14.97,4329494
3239,China,Government,SQL Injection,2023,4.81,34346156
3240,Germany,Healthcare,Phishing,2017,4.16,7080003
3241,Canada,Finance,DDoS,2022,2.92,21866206
3242,China,Government,Phishing,2022,3.02,1601307
3243,United States,Retail,DDoS,2024,4.0,30215966
3244,France,Transportation,Data Breach,2017,5.86,22026025
3245,Canada,Retail,DDoS,2019,5.95,26773169
3246,Brazil,Government,Data Breach,2016,1.35,44252445
3247,Brazil,Energy,Ransomware,2024,3.62,31737787
3248,India,Technology,Data Breach,2024,2.89,22981006
3249,United Kingdom,Retail,Ransomware,2023,9.7,10806422
3250,United Kingdom,Technology,Phishing,2018,4.99,14377846
3251,Germany,Manufacturing,Ransomware,2017,3.92,46661880
3252,United Kingdom,Retail,SQL Injection,2019,1.05,13180214
3253,Mexico,Finance,Credential Stuffing,2023,4.69,30913915
3254,China,Retail,DDoS,2023,1.06,31382141
3255,Russia,Government,Data Breach,2020,2.35,37637904
3256,China,Healthcare,Ransomware,2020,1.19,31401215
3257,United States,Healthcare,SQL Injection,2021,5.8,20670939
3258,Germany,Government,Data Breach,2023,1.54,12775605
3259,India,Retail,Phishing,2017,2.74,31797839
3260,United States,Education,Insider Threat,2020,10.67,30702023
3261,Germany,Healthcare,Data Breach,2023,1.53,6191181
3262,China,Education,Ransomware,2023,3.69,14220431
3263,India,Education,Ransomware,2022,2.95,41864272
3264,France,Finance,Data Breach,2024,0.58,9900254
3265,Australia,Energy,Credential Stuffing,2016,7.58,24051136
3266,United Kingdom,Technology,DDoS,2020,0.82,4821799
3267,Russia,Finance,Data Breach,2019,3.39,40159661
3268,Japan,Government,Ransomware,2019,4.2,39726588
3269,Japan,Retail,Zero-Day Exploit,2021,4.96,1496130
3270,Canada,Government,SQL Injection,2022,5.75,11237798
3271,United States,Education,Supply Chain Attack,2021,1.81,16788325
3272,United States,Healthcare,DDoS,2016,0.55,21149788
3273,United States,Healthcare,Zero-Day Exploit,2018,6.28,18500796
3274,China,Manufacturing,Phishing,2017,3.95,8313364
3275,Brazil,Technology,Insider Threat,2022,8.64,20476713
3276,France,Finance,Ransomware,2023,8.25,48624509
3277,United States,Technology,Phishing,2016,8.84,35545899
3278,United Kingdom,Healthcare,Zero-Day Exploit,2019,3.49,15796862
3279,China,Education,Credential Stuffing,2021,2.33,8719036
3280,United States,Education,Phishing,2023,7.56,31890677
3281,China,Technology,DDoS,2023,3.2,21186329
3282,Germany,Government,Ransomware,2017,1.41,32420196
3283,China,Education,Ransomware,2023,9.19,19485984
3284,France,Education,Credential Stuffing,2016,10.14,1000394
3285,China,Energy,Zero-Day Exploit,2023,3.33,49888230
3286,China,Technology,Supply Chain Attack,2016,0.85,45141594
3287,China,Healthcare,DDoS,2023,2.71,26112908
3288,Japan,Energy,Data Breach,2023,7.82,24951560
3289,Russia,Transportation,DDoS,2020,10.94,2285462
3290,Japan,Manufacturing,SQL Injection,2019,1.52,45393515
3291,India,Finance,DDoS,2022,0.81,42120405
3292,South Korea,Retail,Supply Chain Attack,2024,9.94,41415323
3293,United States,Finance,SQL Injection,2023,2.72,46985234
3294,Canada,Education,Ransomware,2021,4.01,45169725
3295,Russia,Technology,Data Breach,2024,16.0,11917037
3296,Japan,Healthcare,SQL Injection,2021,0.81,19814089
3297,China,Healthcare,Data Breach,2021,5.2,13890993
3298,China,Finance,Credential Stuffing,2024,0.85,37938964
3299,United States,Finance,Phishing,2019,2.62,27141480
3300,Japan,Education,Ransomware,2015,7.83,11879386
3301,United States,Technology,Phishing,2023,3.06,4773698
3302,United States,Healthcare,Phishing,2017,26.92,1660202
3303,Russia,Telecommunications,Ransomware,2019,4.18,44288310
3304,India,Education,Ransomware,2021,2.24,35066242
3305,Australia,Government,Man-in-the-Middle,2016,1.62,25998154
3306,Russia,Education,Phishing,2019,2.44,13708859
3307,China,Government,Data Breach,2019,2.6,6807187
3308,Germany,Transportation,Ransomware,2017,0.82,37616848
3309,France,Healthcare,Zero-Day Exploit,2023,2.58,39141771
3310,Russia,Finance,Man-in-the-Middle,2015,3.31,45131881
3311,United Kingdom,Transportation,Credential Stuffing,2023,6.27,29330057
3312,United States,Education,Zero-Day Exploit,2018,5.31,1655564
3313,United Kingdom,Technology,Ransomware,2024,6.05,9795527
3314,United States,Retail,Phishing,2024,0.54,41931646
3315,China,Government,Phishing,2021,1.6,13947182
3316,France,Education,SQL Injection,2022,5.38,49724316
3317,United States,Energy,Man-in-the-Middle,2021,3.48,31842164
3318,France,Education,Phishing,2023,0.52,878935
3319,Russia,Telecommunications,DDoS,2021,7.84,48673194
3320,France,Government,SQL Injection,2023,7.17,25789502
3321,United States,Education,Credential Stuffing,2024,4.08,7556242
3322,United Kingdom,Finance,Ransomware,2022,0.81,36832092
3323,United Kingdom,Healthcare,Ransomware,2019,7.05,19947186
3324,Russia,Technology,Zero-Day Exploit,2024,4.44,44412625
3325,Singapore,Finance,Supply Chain Attack,2023,7.35,5088368
3326,China,Finance,Data Breach,2023,6.77,28197870
3327,United States,Finance,DDoS,2017,7.81,40834527
3328,United States,Technology,Phishing,2020,3.78,23200208
3329,China,Transportation,SQL Injection,2017,1.18,19156409
3330,United States,Retail,Ransomware,2019,5.5,22257599
3331,China,Finance,Data Breach,2018,4.86,14188411
3332,Brazil,Government,SQL Injection,2022,6.6,2760551
3333,United States,Healthcare,Data Breach,2023,1.34,29963988
3334,United Kingdom,Retail,Ransomware,2020,1.48,42640529
3335,United Kingdom,Healthcare,DDoS,2017,10.45,6369653
3336,China,Finance,Phishing,2016,6.74,39987507
3337,Germany,Government,Data Breach,2018,11.25,45709316
3338,China,Manufacturing,DDoS,2019,6.9,21018560
3339,United States,Government,Ransomware,2016,4.59,14765165
3340,China,Healthcare,Phishing,2019,5.28,44792450
3341,India,Finance,Supply Chain Attack,2022,10.4,36402943
3342,United States,Government,Phishing,2021,4.39,20121759
3343,Brazil,Energy,DDoS,2023,5.0,9445212
3344,China,Education,Credential Stuffing,2017,1.27,16301030
3345,China,Healthcare,Credential Stuffing,2023,3.39,35998681
3346,Germany,Energy,Credential Stuffing,2024,6.17,40484890
3347,India,Telecommunications,Ransomware,2024,1.92,35769201
3348,China,Energy,Ransomware,2022,1.52,24273437
3349,Canada,Finance,Data Breach,2024,2.19,15807804
3350,Mexico,Government,SQL Injection,2024,1.74,29755003
3351,China,Retail,DDoS,2016,1.59,29310035
3352,Canada,Technology,Insider Threat,2024,2.99,44603178
3353,China,Retail,Phishing,2021,11.23,26353095
3354,United States,Government,Phishing,2023,3.68,2933461
3355,Italy,Healthcare,Ransomware,2020,1.44,33976187
3356,Australia,Telecommunications,Zero-Day Exploit,2022,0.86,14010110
3357,Russia,Government,Phishing,2024,5.86,799817
3358,China,Healthcare,DDoS,2019,2.67,39201601
3359,Germany,Retail,Data Breach,2022,8.26,48781578
3360,United States,Healthcare,Phishing,2016,5.35,14584866
3361,Germany,Healthcare,Ransomware,2017,7.66,17699122
3362,India,Healthcare,Ransomware,2022,1.93,28573053
3363,United States,Education,SQL Injection,2017,5.8,42734183
3364,China,Healthcare,Ransomware,2021,1.88,41428224
3365,United Kingdom,Retail,Ransomware,2016,13.09,11689820
3366,United States,Government,Zero-Day Exploit,2024,5.05,34748260
3367,Canada,Finance,Ransomware,2020,2.27,21838670
3368,China,Finance,SQL Injection,2015,1.91,32352209
3369,India,Manufacturing,Data Breach,2022,1.45,14701038
3370,United States,Finance,Ransomware,2017,5.84,35058861
3371,Saudi Arabia,Healthcare,Credential Stuffing,2015,1.61,18555166
3372,United Kingdom,Government,Ransomware,2015,4.57,23463585
3373,United Kingdom,Transportation,Supply Chain Attack,2024,1.88,17313204
3374,United States,Government,Credential Stuffing,2023,5.38,15601415
3375,Germany,Healthcare,Man-in-the-Middle,2021,8.09,6971731
3376,Russia,Transportation,Phishing,2018,7.27,13322872
3377,China,Finance,DDoS,2020,6.94,29978864
3378,India,Energy,DDoS,2024,1.44,18980204
3379,Russia,Finance,Ransomware,2015,0.92,27025646
3380,United States,Technology,DDoS,2022,5.9,12513449
3381,Germany,Government,Data Breach,2019,2.57,19329508
3382,United Kingdom,Education,Data Breach,2018,3.05,10922281
3383,China,Energy,Man-in-the-Middle,2018,0.64,1724720
3384,United Kingdom,Manufacturing,Ransomware,2021,1.85,38724251
3385,United Kingdom,Education,Ransomware,2018,0.65,45055874
3386,China,Retail,Data Breach,2023,10.01,4830265
3387,India,Manufacturing,Credential Stuffing,2024,1.76,6566792
3388,United States,Finance,Ransomware,2021,4.17,17135378
3389,Brazil,Transportation,Data Breach,2017,0.68,7248830
3390,United States,Government,Insider Threat,2020,5.45,48260053
3391,Germany,Government,Data Breach,2023,2.26,44898391
3392,United States,Energy,Phishing,2018,10.77,2077745
3393,United States,Transportation,Zero-Day Exploit,2023,10.36,34956003
3394,United States,Education,Man-in-the-Middle,2023,2.27,48297490
3395,United States,Retail,Phishing,2016,10.91,21557213
3396,United States,Technology,Phishing,2021,25.53,35271080
3397,China,Government,Phishing,2021,8.35,4952605
3398,India,Healthcare,Ransomware,2020,8.89,46347143
3399,United States,Healthcare,DDoS,2023,1.79,4100421
3400,Germany,Education,Credential Stuffing,2023,4.37,29324451
3401,China,Healthcare,Zero-Day Exploit,2024,0.81,33535018
3402,United States,Healthcare,Ransomware,2023,0.95,35652243
3403,Russia,Government,SQL Injection,2018,31.13,39650093
3404,United States,Energy,Supply Chain Attack,2021,2.28,37461
3405,South Korea,Healthcare,DDoS,2024,6.71,15547316
3406,China,Energy,Data Breach,2024,7.89,19676161
3407,United States,Telecommunications,Credential Stuffing,2021,9.28,41701368
3408,United Kingdom,Energy,Zero-Day Exploit,2024,27.7,3463327
3409,Australia,Finance,Ransomware,2022,1.74,36012388
3410,Brazil,Retail,Data Breach,2024,0.69,35316388
3411,United Kingdom,Energy,Man-in-the-Middle,2018,2.88,11960196
3412,United States,Finance,Credential Stuffing,2023,1.13,33554569
3413,United States,Telecommunications,SQL Injection,2020,0.6,15378556
3414,Russia,Technology,Zero-Day Exploit,2023,2.51,28783101
3415,Germany,Education,Ransomware,2021,7.39,46441008
3416,United States,Finance,Data Breach,2022,4.26,25787455
3417,China,Government,Phishing,2024,2.19,20181474
3418,China,Transportation,Zero-Day Exploit,2024,5.28,17480961
3419,Israel,Manufacturing,DDoS,2024,1.69,24908947
3420,China,Technology,Ransomware,2023,0.57,9694635
3421,Russia,Finance,Ransomware,2023,7.0,46923282
3422,United States,Technology,Ransomware,2018,4.9,34148507
3423,United States,Transportation,Credential Stuffing,2021,6.97,15562920
3424,United States,Government,Ransomware,2018,0.68,37537595
3425,China,Finance,SQL Injection,2021,8.67,2282473
3426,Brazil,Healthcare,Phishing,2024,4.85,7527972
3427,China,Healthcare,DDoS,2017,4.23,36105084
3428,Germany,Energy,DDoS,2024,4.91,9240932
3429,United States,Transportation,Man-in-the-Middle,2018,9.49,19170051
3430,France,Finance,Credential Stuffing,2022,4.48,41058893
3431,United States,Healthcare,Phishing,2023,4.41,40868685
3432,Japan,Energy,Data Breach,2018,21.54,22195942
3433,United Kingdom,Education,Phishing,2018,6.86,9750676
3434,United States,Education,Phishing,2022,3.13,13283743
3435,China,Manufacturing,Supply Chain Attack,2016,6.03,22773838
3436,Russia,Transportation,Data Breach,2021,2.72,20384256
3437,United Kingdom,Government,DDoS,2021,1.67,20377516
3438,Canada,Education,Credential Stuffing,2024,4.59,17336347
3439,United States,Energy,SQL Injection,2020,12.35,23268596
3440,Brazil,Government,SQL Injection,2018,12.41,36255775
3441,United States,Education,Supply Chain Attack,2023,2.38,38998535
3442,Russia,Telecommunications,Data Breach,2023,3.88,40096687
3443,Netherlands,Manufacturing,SQL Injection,2016,1.57,40719903
3444,China,Energy,Data Breach,2021,24.95,32115703
3445,China,Government,DDoS,2023,18.36,28693013
3446,Japan,Retail,Ransomware,2023,5.22,20912870
3447,Brazil,Manufacturing,Data Breach,2024,7.84,46282382
3448,United Kingdom,Energy,Phishing,2015,6.15,2988188
3449,Brazil,Energy,Data Breach,2024,4.55,48397973
3450,United States,Energy,Data Breach,2021,0.75,34534439
3451,Germany,Energy,Phishing,2020,3.23,46525832
3452,United States,Finance,Phishing,2022,5.55,18679053
3453,South Korea,Energy,Phishing,2020,5.59,47115634
3454,United States,Transportation,Phishing,2022,2.6,21762564
3455,Russia,Technology,Data Breach,2020,13.29,27513779
3456,India,Manufacturing,Phishing,2022,1.32,13779290
3457,Brazil,Education,Credential Stuffing,2015,3.62,23186679
3458,United Kingdom,Retail,Credential Stuffing,2024,5.78,16773449
3459,United States,Retail,Data Breach,2021,5.88,21365472
3460,China,Transportation,Phishing,2017,5.21,16650019
3461,China,Retail,Phishing,2022,1.95,34539993
3462,United States,Manufacturing,Man-in-the-Middle,2019,1.26,45298501
3463,United Kingdom,Education,Data Breach,2023,5.05,22488228
3464,Japan,Finance,DDoS,2022,4.62,35360955
3465,Singapore,Healthcare,Phishing,2021,1.39,49032379
3466,United States,Technology,DDoS,2021,6.0,35504940
3467,Australia,Education,SQL Injection,2020,3.23,49927993
3468,United States,Transportation,Zero-Day Exploit,2021,5.46,3594228
3469,Russia,Government,Credential Stuffing,2021,8.67,20266866
3470,United States,Government,Ransomware,2017,1.34,23666369
3471,China,Government,Zero-Day Exploit,2024,0.59,3895190
3472,China,Healthcare,Phishing,2020,7.3,27011710
3473,Germany,Manufacturing,SQL Injection,2023,4.73,36319545
3474,United Kingdom,Finance,Phishing,2022,5.91,49133741
3475,France,Education,Data Breach,2021,8.7,22939808
3476,India,Energy,Phishing,2019,7.81,16216861
3477,India,Healthcare,Man-in-the-Middle,2022,15.09,8425090
3478,Ukraine,Finance,Data Breach,2018,3.95,7038270
3479,United Kingdom,Finance,Ransomware,2022,3.52,17639535
3480,China,Finance,Zero-Day Exploit,2024,2.81,47209361
3481,India,Energy,Credential Stuffing,2023,1.25,29218051
3482,Germany,Education,Data Breach,2017,4.33,9663564
3483,United States,Finance,Phishing,2020,1.96,3801182
3484,United Kingdom,Finance,Zero-Day Exploit,2020,11.94,20123984
3485,China,Transportation,Man-in-the-Middle,2024,4.44,40251206
3486,China,Retail,Phishing,2020,4.54,12317976
3487,United Kingdom,Technology,SQL Injection,2020,2.47,11095968
3488,China,Healthcare,Data Breach,2018,0.74,36760209
3489,Japan,Government,Phishing,2024,0.65,36060600
3490,India,Retail,Data Breach,2022,2.98,10024115
3491,Israel,Government,Phishing,2016,0.9,12481258
3492,United States,Government,Data Breach,2019,4.7,483175
3493,United Kingdom,Retail,Data Breach,2018,10.08,12348478
3494,United States,Finance,Ransomware,2022,10.15,32447383
3495,Japan,Government,Data Breach,2022,5.34,31969852
3496,Japan,Healthcare,Phishing,2024,1.57,10166018
3497,Japan,Manufacturing,Supply Chain Attack,2017,9.44,8716078
3498,United States,Finance,Man-in-the-Middle,2019,10.28,28094675
3499,Russia,Government,Insider Threat,2022,1.49,39006263
3500,China,Healthcare,Ransomware,2022,6.52,24276359
3501,Singapore,Education,Phishing,2022,2.02,6746137
3502,United States,Healthcare,Supply Chain Attack,2015,7.8,27330457
3503,China,Education,Supply Chain Attack,2021,27.01,25999066
3504,United Kingdom,Healthcare,DDoS,2019,0.64,21250530
3505,Russia,Healthcare,Insider Threat,2017,10.74,12685428
3506,China,Government,Data Breach,2024,4.89,13680046
3507,Russia,Healthcare,Phishing,2015,16.82,9231361
3508,Brazil,Retail,Data Breach,2019,3.31,7841740
3509,Russia,Finance,Phishing,2021,8.96,43779657
3510,Japan,Government,Ransomware,2023,0.79,8740345
3511,Russia,Finance,DDoS,2020,2.34,15708376
3512,United States,Government,Insider Threat,2022,0.81,15107726
3513,Russia,Finance,Data Breach,2024,17.16,13486294
3514,United Kingdom,Technology,DDoS,2016,8.14,42121086
3515,United States,Healthcare,DDoS,2020,9.11,5138056
3516,Russia,Government,Ransomware,2022,13.01,22051729
3517,India,Technology,Phishing,2021,0.9,47032020
3518,United States,Finance,Phishing,2022,2.69,25429427
3519,United States,Government,Man-in-the-Middle,2021,0.83,2318392
3520,India,Government,Ransomware,2022,1.57,44945223
3521,United Kingdom,Government,Man-in-the-Middle,2019,1.67,29692150
3522,China,Manufacturing,Phishing,2022,3.35,2379997
3523,Russia,Finance,Data Breach,2019,1.91,18071732
3524,United States,Finance,Phishing,2020,0.98,35539728
3525,United Kingdom,Healthcare,Zero-Day Exploit,2022,1.32,41257721
3526,Italy,Government,Supply Chain Attack,2022,1.22,12306906
3527,China,Energy,SQL Injection,2020,16.77,1560221
3528,United States,Manufacturing,Phishing,2016,6.91,5878363
3529,China,Finance,Credential Stuffing,2021,15.96,17220351
3530,Russia,Finance,Data Breach,2023,3.11,3099172
3531,India,Government,Ransomware,2023,1.97,40205255
3532,United Kingdom,Retail,Phishing,2023,7.7,25126408
3533,Russia,Finance,Data Breach,2017,2.28,30270885
3534,United Kingdom,Government,Phishing,2021,2.1,48898036
3535,Germany,Education,DDoS,2019,1.69,38107168
3536,United States,Technology,Phishing,2021,1.13,4315696
3537,France,Energy,Data Breach,2024,1.83,6776096
3538,China,Finance,Data Breach,2020,2.48,44164083
3539,China,Energy,Phishing,2020,5.54,28228062
3540,Brazil,Manufacturing,Data Breach,2022,0.79,9929829
3541,Netherlands,Education,Man-in-the-Middle,2023,1.56,15195853
3542,China,Transportation,Ransomware,2017,7.95,35514831
3543,India,Technology,Data Breach,2020,1.22,5079211
3544,Germany,Government,Phishing,2023,2.39,24679950
3545,United States,Healthcare,Phishing,2021,9.5,2853601
3546,United States,Healthcare,Man-in-the-Middle,2019,1.26,44770573
3547,United States,Healthcare,Man-in-the-Middle,2019,0.89,6282544
3548,Germany,Healthcare,Phishing,2023,3.48,49760156
3549,Germany,Education,Data Breach,2017,2.12,2459722
3550,United States,Energy,Supply Chain Attack,2022,4.23,31604283
3551,United Kingdom,Finance,Ransomware,2023,7.83,14569217
3552,United States,Retail,Zero-Day Exploit,2024,1.16,4240112
3553,South Korea,Government,Insider Threat,2019,4.41,45892982
3554,China,Telecommunications,Phishing,2018,3.67,49647722
3555,Russia,Energy,Data Breach,2023,1.2,47662060
3556,France,Government,Ransomware,2024,4.9,39118928
3557,Germany,Finance,Man-in-the-Middle,2017,1.94,7903897
3558,United States,Government,Phishing,2017,3.51,12505803
3559,Russia,Energy,DDoS,2021,0.89,11704245
3560,South Korea,Finance,Ransomware,2020,3.27,7050085
3561,Japan,Healthcare,Ransomware,2019,2.15,41060693
3562,India,Education,Phishing,2022,8.28,7026306
3563,France,Finance,Ransomware,2016,0.76,4247428
3564,Russia,Energy,Phishing,2023,2.94,18228785
3565,United Kingdom,Manufacturing,Phishing,2018,3.26,30583987
3566,Netherlands,Telecommunications,Data Breach,2021,6.31,36855406
3567,United States,Finance,Data Breach,2019,4.34,21513732
3568,Russia,Technology,DDoS,2021,5.45,20841313
3569,India,Finance,Phishing,2023,7.25,8303075
3570,United States,Energy,Ransomware,2015,9.42,13101546
3571,South Korea,Technology,Ransomware,2024,2.2,39680995
3572,Japan,Energy,SQL Injection,2022,3.98,8437634
3573,Russia,Education,DDoS,2018,8.75,38965344
3574,Russia,Finance,Zero-Day Exploit,2022,20.98,48509715
3575,Australia,Telecommunications,DDoS,2016,10.41,47935057
3576,United States,Retail,Data Breach,2021,2.59,22884498
3577,India,Retail,DDoS,2022,1.48,19556376
3578,Germany,Finance,Data Breach,2021,3.52,483891
3579,United States,Healthcare,Phishing,2018,6.59,26836854
3580,China,Healthcare,Credential Stuffing,2022,3.55,15374260
3581,India,Telecommunications,Data Breach,2021,3.47,18936030
3582,Canada,Transportation,Zero-Day Exploit,2023,8.7,11836989
3583,Russia,Government,Data Breach,2023,2.52,9184974
3584,China,Retail,Phishing,2017,9.34,19399596
3585,Ukraine,Healthcare,Data Breach,2020,2.85,13317781
3586,Australia,Healthcare,Data Breach,2024,2.29,4225972
3587,France,Government,Man-in-the-Middle,2018,3.22,13380290
3588,China,Finance,Data Breach,2017,6.97,42604399
3589,Netherlands,Retail,Phishing,2024,1.11,42553466
3590,Singapore,Finance,SQL Injection,2023,1.48,1245849
3591,Russia,Finance,Data Breach,2024,14.11,19004257
3592,United States,Government,SQL Injection,2016,1.37,18195496
3593,Russia,Education,Phishing,2018,4.27,29862222
3594,Germany,Retail,Zero-Day Exploit,2022,4.4,48600934
3595,France,Finance,Phishing,2023,3.53,8237981
3596,China,Finance,Phishing,2023,5.16,19796283
3597,Germany,Finance,DDoS,2020,1.68,16493850
3598,Japan,Government,Phishing,2022,4.12,37281436
3599,Germany,Government,Phishing,2024,2.59,14459636
3600,South Korea,Finance,Phishing,2022,5.38,48942090
3601,United Kingdom,Healthcare,Data Breach,2022,1.19,9921725
3602,United States,Healthcare,DDoS,2015,4.31,39465370
3603,United Kingdom,Healthcare,Ransomware,2024,1.42,17812527
3604,China,Energy,Supply Chain Attack,2020,1.97,2189668
3605,China,Finance,Phishing,2019,1.61,34201654
3606,United Kingdom,Government,SQL Injection,2021,1.41,3782264
3607,Iran,Manufacturing,DDoS,2023,8.36,1761431
3608,United Kingdom,Healthcare,Man-in-the-Middle,2018,2.01,19670286
3609,Netherlands,Finance,DDoS,2020,12.29,33869847
3610,Russia,Transportation,Phishing,2021,16.27,8539302
3611,Germany,Government,DDoS,2023,4.31,42664032
3612,China,Finance,Data Breach,2024,1.19,23553748
3613,United States,Healthcare,Zero-Day Exploit,2020,2.61,33438095
3614,China,Healthcare,Credential Stuffing,2022,7.69,29229827
3615,Russia,Education,Ransomware,2021,2.56,47219565
3616,India,Manufacturing,Phishing,2021,0.91,29545379
3617,United Kingdom,Finance,Phishing,2023,4.16,37513547
3618,Russia,Energy,Phishing,2015,8.89,27298866
3619,France,Government,Insider Threat,2017,7.65,11061160
3620,Japan,Technology,DDoS,2021,1.37,2215079
3621,China,Education,Ransomware,2020,5.53,40908824
3622,Japan,Government,Credential Stuffing,2022,1.62,33750743
3623,Brazil,Retail,SQL Injection,2015,1.61,1836182
3624,India,Finance,Data Breach,2017,9.82,31893272
3625,United States,Government,Man-in-the-Middle,2023,1.79,35792231
3626,United States,Manufacturing,Man-in-the-Middle,2020,1.87,49492658
3627,United Kingdom,Healthcare,Insider Threat,2024,0.5,29506420
3628,United States,Energy,Phishing,2017,9.7,35367597
3629,France,Healthcare,Zero-Day Exploit,2018,7.58,32145170
3630,United States,Education,Ransomware,2024,4.94,40950043
3631,China,Manufacturing,Credential Stuffing,2019,6.74,21364597
3632,China,Retail,Ransomware,2024,1.24,29968774
3633,Japan,Finance,SQL Injection,2017,3.26,49522595
3634,Germany,Energy,Ransomware,2022,2.45,25543256
3635,China,Transportation,Ransomware,2016,0.94,42027293
3636,France,Healthcare,Supply Chain Attack,2021,3.5,31126082
3637,United States,Education,DDoS,2022,11.91,21755550
3638,Brazil,Government,Phishing,2024,0.68,31877711
3639,United States,Energy,Credential Stuffing,2021,2.05,26291942
3640,Japan,Telecommunications,Phishing,2024,1.55,20749478
3641,Germany,Finance,Credential Stuffing,2023,1.72,32563080
3642,Japan,Energy,Phishing,2020,11.26,6167094
3643,Germany,Healthcare,Phishing,2019,3.34,37726592
3644,India,Finance,Data Breach,2015,3.33,23380668
3645,China,Education,Phishing,2017,6.93,16856263
3646,France,Finance,Ransomware,2023,1.26,10342688
3647,Brazil,Manufacturing,Ransomware,2017,3.51,23929920
3648,China,Technology,SQL Injection,2024,3.03,41691069
3649,United Kingdom,Manufacturing,Zero-Day Exploit,2022,4.59,39524209
3650,South Korea,Telecommunications,Supply Chain Attack,2020,35.26,15505493
3651,China,Manufacturing,Supply Chain Attack,2021,7.1,17745726
3652,Netherlands,Government,Ransomware,2019,2.78,10799620
3653,Ukraine,Energy,Data Breach,2020,8.41,49545209
3654,China,Manufacturing,Supply Chain Attack,2018,1.34,27765011
3655,India,Healthcare,Credential Stuffing,2024,0.64,20713958
3656,United States,Government,Phishing,2018,1.53,45310904
3657,China,Transportation,Man-in-the-Middle,2022,2.37,45555020
3658,United Kingdom,Education,Phishing,2019,3.72,25860858
3659,France,Healthcare,SQL Injection,2018,4.8,43821432
3660,Japan,Retail,Ransomware,2022,11.37,23403848
3661,Brazil,Energy,Ransomware,2022,3.71,29629710
3662,Australia,Healthcare,Man-in-the-Middle,2020,3.63,32679746
3663,Germany,Healthcare,Ransomware,2015,0.73,22163768
3664,United Kingdom,Education,Ransomware,2021,0.66,8531325
3665,France,Technology,DDoS,2021,4.1,23729373
3666,India,Energy,Zero-Day Exploit,2020,3.09,9657670
3667,India,Energy,Zero-Day Exploit,2021,8.72,21911945
3668,France,Government,Ransomware,2022,1.29,44044987
3669,Netherlands,Retail,Supply Chain Attack,2019,0.61,1034880
3670,China,Manufacturing,Phishing,2022,3.18,40683354
3671,United States,Telecommunications,Ransomware,2022,1.72,32597847
3672,United Kingdom,Finance,Credential Stuffing,2019,0.73,27733152
3673,United States,Energy,Zero-Day Exploit,2016,6.3,34303577
3674,United States,Government,Data Breach,2023,1.03,30477558
3675,Russia,Technology,Ransomware,2018,4.72,45977620
3676,China,Government,Data Breach,2018,1.98,7736185
3677,Russia,Finance,Ransomware,2015,1.36,33941937
3678,India,Finance,Ransomware,2023,2.65,6805460
3679,United States,Finance,Ransomware,2024,7.78,32489500
3680,India,Finance,Ransomware,2019,2.74,38116318
3681,China,Energy,Ransomware,2023,6.75,38313201
3682,China,Manufacturing,Credential Stuffing,2018,1.1,46479503
3683,Germany,Technology,Man-in-the-Middle,2017,7.17,45330372
3684,United States,Government,Data Breach,2023,1.72,36655536
3685,United States,Energy,Phishing,2024,5.59,39089225
3686,China,Education,Phishing,2016,4.25,36486740
3687,United States,Finance,Ransomware,2023,12.41,27076079
3688,South Korea,Finance,Ransomware,2020,2.7,43651226
3689,United Kingdom,Energy,Phishing,2022,0.81,20964758
3690,United Kingdom,Education,SQL Injection,2024,0.59,20589513
3691,Russia,Finance,Zero-Day Exploit,2024,8.39,45843978
3692,India,Healthcare,Ransomware,2016,3.85,25847300
3693,China,Finance,Phishing,2023,7.22,43659012
3694,France,Healthcare,Ransomware,2021,1.7,23210880
3695,China,Healthcare,DDoS,2024,2.4,34511272
3696,China,Manufacturing,Man-in-the-Middle,2022,0.64,30553897
3697,United States,Transportation,SQL Injection,2022,15.16,49796866
3698,United States,Finance,DDoS,2021,5.46,49057971
3699,Russia,Technology,Data Breach,2017,12.68,18988162
3700,Russia,Retail,DDoS,2023,1.89,19086547
3701,India,Finance,Data Breach,2021,4.75,32750225
3702,United States,Technology,Supply Chain Attack,2021,5.61,48677828
3703,China,Education,Supply Chain Attack,2018,2.22,43447959
3704,United States,Healthcare,Phishing,2020,8.98,47955693
3705,China,Government,Data Breach,2019,13.73,34394800
3706,China,Retail,SQL Injection,2022,10.23,39683558
3707,United States,Government,Zero-Day Exploit,2021,6.55,5771038
3708,France,Healthcare,Zero-Day Exploit,2018,1.96,31511191
3709,India,Energy,Data Breach,2022,1.99,28896788
3710,Mexico,Education,DDoS,2019,15.38,8441343
3711,Brazil,Energy,Data Breach,2022,0.55,12603958
3712,Iran,Government,Data Breach,2020,6.17,29141828
3713,United States,Retail,Man-in-the-Middle,2023,6.01,11652165
3714,United Kingdom,Finance,Phishing,2019,4.89,2791771
3715,Russia,Healthcare,Data Breach,2020,21.27,35616424
3716,Canada,Technology,Phishing,2024,2.18,20208859
3717,United Kingdom,Technology,Phishing,2019,2.37,23740582
3718,United Kingdom,Finance,Data Breach,2020,0.87,37632672
3719,Netherlands,Transportation,DDoS,2016,3.13,45539359
3720,United Kingdom,Finance,Phishing,2016,1.86,49196458
3721,China,Telecommunications,Phishing,2019,2.39,28631609
3722,Australia,Education,Phishing,2016,8.6,25262672
3723,South Korea,Telecommunications,Phishing,2023,12.83,37463840
3724,China,Technology,Ransomware,2016,1.42,29989249
3725,India,Technology,DDoS,2019,2.6,26124319
3726,China,Healthcare,Data Breach,2016,12.38,7466997
3727,Australia,Energy,Ransomware,2021,0.79,41240259
3728,Brazil,Government,Credential Stuffing,2019,0.94,915867
3729,China,Retail,Man-in-the-Middle,2021,1.3,42244504
3730,Brazil,Manufacturing,Zero-Day Exploit,2023,4.57,43271018
3731,Russia,Retail,SQL Injection,2022,1.23,15547588
3732,United States,Education,Phishing,2020,16.0,28208168
3733,Canada,Technology,Phishing,2017,3.16,33092820
3734,United States,Finance,Ransomware,2020,3.63,41769023
3735,Russia,Finance,Phishing,2021,1.77,49942551
3736,Italy,Education,DDoS,2023,3.37,27275495
3737,United States,Technology,Data Breach,2023,5.38,20481029
3738,Netherlands,Energy,DDoS,2017,6.76,11881512
3739,India,Healthcare,DDoS,2023,6.81,381956
3740,United States,Finance,Credential Stuffing,2021,4.38,45586652
3741,United States,Energy,DDoS,2020,11.06,20542760
3742,United Kingdom,Government,DDoS,2019,8.15,47849353
3743,France,Manufacturing,Ransomware,2023,6.87,42706501
3744,Japan,Healthcare,Supply Chain Attack,2022,0.76,27874013
3745,Russia,Finance,Credential Stuffing,2018,0.53,38133629
3746,United States,Finance,Supply Chain Attack,2019,1.57,41167844
3747,India,Manufacturing,Phishing,2024,5.4,37571431
3748,Germany,Finance,Ransomware,2018,2.88,15529098
3749,Ukraine,Education,DDoS,2019,2.82,37509731
3750,France,Energy,DDoS,2021,10.22,36823428
3751,United Kingdom,Retail,SQL Injection,2021,10.67,37807991
3752,South Korea,Healthcare,DDoS,2018,11.29,24134259
3753,France,Finance,Data Breach,2017,2.2,47711224
3754,United States,Finance,Phishing,2018,5.79,40691472
3755,Russia,Government,Data Breach,2016,1.93,29822554
3756,China,Retail,DDoS,2023,1.45,36408667
3757,United States,Healthcare,Supply Chain Attack,2022,1.42,14960098
3758,United States,Healthcare,Credential Stuffing,2018,2.38,17253693
3759,France,Finance,DDoS,2022,3.03,398522
3760,India,Manufacturing,Phishing,2024,8.5,16899253
3761,India,Telecommunications,Phishing,2024,1.07,34688161
3762,China,Healthcare,Supply Chain Attack,2020,6.47,41206658
3763,China,Education,Ransomware,2015,3.91,17155671
3764,China,Energy,Insider Threat,2021,2.03,10280077
3765,United Kingdom,Technology,Ransomware,2021,3.55,20770927
3766,Russia,Retail,SQL Injection,2018,2.1,24592205
3767,United States,Government,Phishing,2024,4.58,11504556
3768,United Kingdom,Healthcare,Ransomware,2016,3.06,40831718
3769,India,Technology,Phishing,2023,1.31,42982614
3770,United Kingdom,Energy,Data Breach,2021,1.06,10347837
3771,United Kingdom,Retail,Ransomware,2021,4.06,24950508
3772,France,Healthcare,DDoS,2015,10.97,6609101
3773,India,Finance,Man-in-the-Middle,2023,2.4,25715315
3774,Germany,Healthcare,DDoS,2020,6.44,42370619
3775,United States,Healthcare,Data Breach,2019,5.34,39579477
3776,South Korea,Retail,Phishing,2016,12.57,47655857
3777,United States,Healthcare,Ransomware,2018,8.24,34915296
3778,France,Transportation,Data Breach,2021,4.26,14213606
3779,China,Transportation,Ransomware,2019,5.32,19948869
3780,United States,Healthcare,DDoS,2019,10.79,31140420
3781,France,Energy,Data Breach,2022,2.8,36149077
3782,Russia,Finance,Zero-Day Exploit,2024,2.28,3183099
3783,China,Energy,Ransomware,2023,0.55,9514540
3784,United Kingdom,Finance,Zero-Day Exploit,2021,8.38,24183781
3785,Russia,Government,Zero-Day Exploit,2023,7.76,40583978
3786,India,Education,Data Breach,2021,1.0,28413651
3787,United States,Government,Ransomware,2017,4.37,28019426
3788,China,Finance,Supply Chain Attack,2022,3.31,39345272
3789,Brazil,Finance,Supply Chain Attack,2017,1.07,42505974
3790,India,Healthcare,Phishing,2020,18.23,33545916
3791,Netherlands,Healthcare,SQL Injection,2021,1.59,25050002
3792,United States,Energy,DDoS,2019,0.81,34395129
3793,United Kingdom,Retail,Zero-Day Exploit,2024,4.57,850222
3794,Australia,Healthcare,Phishing,2021,6.54,13029892
3795,France,Technology,Ransomware,2023,0.65,34285091
3796,Germany,Healthcare,Credential Stuffing,2021,5.34,23105720
3797,China,Finance,Ransomware,2020,3.92,33460490
3798,Italy,Education,DDoS,2017,0.99,35416547
3799,India,Technology,DDoS,2023,1.35,31033911
3800,India,Healthcare,Ransomware,2022,4.28,11349064
3801,United States,Manufacturing,Phishing,2016,2.08,13129324
3802,United States,Healthcare,Supply Chain Attack,2019,13.04,47953788
3803,India,Government,Phishing,2018,8.19,18782780
3804,India,Healthcare,Data Breach,2020,18.99,26448246
3805,Italy,Retail,DDoS,2022,1.85,20794957
3806,China,Finance,Man-in-the-Middle,2022,16.24,45439565
3807,France,Manufacturing,Ransomware,2024,3.04,35260224
3808,Canada,Government,Data Breach,2022,2.42,25102964
3809,China,Manufacturing,Phishing,2020,0.73,17404092
3810,Russia,Technology,Credential Stuffing,2024,0.74,11106889
3811,United Kingdom,Healthcare,Ransomware,2020,5.8,18539303
3812,Russia,Finance,Ransomware,2022,3.26,6523329
3813,United States,Healthcare,Credential Stuffing,2022,1.66,42925239
3814,China,Healthcare,Phishing,2023,4.78,3486182
3815,Brazil,Transportation,Data Breach,2022,1.81,49457338
3816,United States,Government,Ransomware,2017,4.38,35105174
3817,United States,Retail,DDoS,2021,2.5,43734965
3818,Brazil,Healthcare,Insider Threat,2021,8.31,11498749
3819,Japan,Transportation,Supply Chain Attack,2021,8.23,2495003
3820,Japan,Manufacturing,Data Breach,2022,3.42,24566599
3821,South Korea,Manufacturing,Ransomware,2021,2.44,24003394
3822,Saudi Arabia,Retail,DDoS,2018,2.53,22473224
3823,Russia,Finance,Credential Stuffing,2024,7.87,16188124
3824,India,Education,Data Breach,2023,2.29,4863044
3825,China,Retail,Insider Threat,2017,1.56,48642558
3826,United States,Retail,Credential Stuffing,2023,0.9,33919248
3827,United States,Healthcare,Supply Chain Attack,2021,3.33,47793891
3828,Germany,Retail,Phishing,2020,3.46,38807619
3829,Russia,Finance,Data Breach,2021,8.77,4920891
3830,China,Technology,Credential Stuffing,2024,1.63,32391110
3831,United States,Government,Man-in-the-Middle,2018,2.66,25130120
3832,United Kingdom,Healthcare,Phishing,2019,7.94,17231939
3833,United States,Manufacturing,SQL Injection,2019,8.31,25062058
3834,United Kingdom,Retail,Data Breach,2024,2.68,8015748
3835,Canada,Transportation,SQL Injection,2023,3.27,49054850
3836,China,Technology,Man-in-the-Middle,2019,2.13,1310746
3837,Russia,Energy,Data Breach,2023,12.63,8430048
3838,United Kingdom,Healthcare,SQL Injection,2024,1.07,14923119
3839,China,Healthcare,Man-in-the-Middle,2022,12.71,17670059
3840,India,Transportation,Zero-Day Exploit,2023,5.68,35569283
3841,India,Healthcare,Phishing,2022,3.91,39397020
3842,China,Retail,Man-in-the-Middle,2020,0.65,34967817
3843,China,Finance,DDoS,2022,3.4,27691449
3844,Russia,Government,Phishing,2024,2.86,1330757
3845,United States,Energy,Supply Chain Attack,2023,1.29,33477750
3846,China,Technology,Phishing,2024,5.31,47459383
3847,China,Government,Insider Threat,2019,16.46,32108401
3848,Germany,Healthcare,Insider Threat,2023,4.22,15434372
3849,Russia,Education,Ransomware,2020,6.14,5000883
3850,Japan,Transportation,Data Breach,2021,0.82,35883299
3851,United States,Finance,Man-in-the-Middle,2024,2.93,25110947
3852,Germany,Healthcare,Phishing,2023,1.06,21596839
3853,Canada,Telecommunications,Man-in-the-Middle,2023,4.77,11475518
3854,Russia,Finance,Data Breach,2016,13.05,45789119
3855,China,Government,Man-in-the-Middle,2017,5.38,48372448
3856,China,Finance,Phishing,2021,0.86,16017934
3857,India,Government,Supply Chain Attack,2022,2.47,44638131
3858,United States,Energy,DDoS,2023,4.1,23399582
3859,India,Government,Ransomware,2022,2.82,10186263
3860,Japan,Technology,Ransomware,2024,8.57,15960824
3861,Japan,Finance,Data Breach,2023,8.09,5805433
3862,United States,Technology,Phishing,2023,4.76,5516652
3863,India,Retail,Zero-Day Exploit,2023,2.6,17684588
3864,China,Finance,DDoS,2019,1.83,46318124
3865,Canada,Government,Phishing,2021,1.0,10884990
3866,United States,Education,Ransomware,2022,2.47,14193012
3867,United States,Education,Ransomware,2024,2.9,20851727
3868,United States,Education,Data Breach,2021,5.57,13979740
3869,Russia,Technology,Supply Chain Attack,2016,5.33,34090896
3870,United States,Government,Ransomware,2015,0.83,48096363
3871,India,Education,Phishing,2019,2.76,14311731
3872,Russia,Government,Credential Stuffing,2022,1.4,26789086
3873,India,Education,DDoS,2019,1.27,29430063
3874,Australia,Energy,Man-in-the-Middle,2024,8.4,19397225
3875,India,Energy,Ransomware,2024,0.69,27899788
3876,India,Energy,DDoS,2023,2.94,4139624
3877,Mexico,Finance,Ransomware,2023,1.33,26468894
3878,Russia,Healthcare,Supply Chain Attack,2023,10.02,27582131
3879,France,Telecommunications,Ransomware,2018,4.16,17768309
3880,China,Healthcare,Phishing,2021,1.68,35142581
3881,China,Education,Credential Stuffing,2024,3.64,25115062
3882,France,Transportation,Data Breach,2021,6.42,26979872
3883,Germany,Transportation,Supply Chain Attack,2020,14.78,2042461
3884,China,Healthcare,Data Breach,2021,1.62,33072922
3885,Russia,Government,DDoS,2016,10.28,17887286
3886,Russia,Technology,Man-in-the-Middle,2023,12.75,20647349
3887,China,Manufacturing,Phishing,2022,11.67,22659861
3888,Russia,Technology,Data Breach,2018,5.04,9034712
3889,United Kingdom,Finance,Ransomware,2021,4.97,187586
3890,Japan,Healthcare,Ransomware,2023,2.82,35183314
3891,Brazil,Technology,Phishing,2023,6.78,32990453
3892,United Kingdom,Telecommunications,Phishing,2017,3.91,16708938
3893,United States,Manufacturing,Ransomware,2016,5.59,1733491
3894,Russia,Finance,Ransomware,2018,3.02,25532514
3895,Russia,Technology,Man-in-the-Middle,2024,6.42,25260626
3896,United States,Healthcare,Ransomware,2021,8.33,35757193
3897,Italy,Healthcare,Data Breach,2021,1.21,38104588
3898,United Kingdom,Transportation,Data Breach,2019,8.55,34717418
3899,Singapore,Energy,Ransomware,2024,4.0,37629873
3900,Germany,Government,Insider Threat,2022,8.88,2929486
3901,Russia,Healthcare,Man-in-the-Middle,2024,3.04,29919138
3902,China,Transportation,SQL Injection,2015,2.64,48495036
3903,United States,Government,Insider Threat,2023,11.6,28183177
3904,Russia,Energy,Ransomware,2022,1.8,17735417
3905,United States,Retail,Ransomware,2024,8.87,46833758
3906,China,Healthcare,Ransomware,2023,3.48,33624051
3907,United States,Technology,Insider Threat,2022,3.75,46848919
3908,United States,Manufacturing,Phishing,2023,2.16,34515187
3909,Australia,Healthcare,SQL Injection,2023,4.33,15985327
3910,China,Government,Man-in-the-Middle,2021,2.27,43139828
3911,Russia,Healthcare,Phishing,2022,0.68,18919240
3912,Russia,Healthcare,Data Breach,2020,1.93,10608291
3913,United States,Education,Ransomware,2017,0.53,36534206
3914,Iran,Technology,Credential Stuffing,2024,17.75,2292156
3915,China,Healthcare,Phishing,2024,15.68,8547696
3916,Germany,Finance,Ransomware,2022,2.76,7122859
3917,India,Energy,Data Breach,2018,6.36,19389211
3918,Brazil,Energy,Insider Threat,2023,2.41,14444392
3919,Brazil,Energy,Data Breach,2016,5.5,4233484
3920,China,Finance,Man-in-the-Middle,2023,7.87,46243686
3921,India,Government,Phishing,2019,13.7,13412166
3922,United States,Finance,Ransomware,2021,2.8,15194244
3923,United Kingdom,Technology,DDoS,2023,7.38,39406905
3924,China,Energy,Insider Threat,2023,1.89,42870421
3925,United Kingdom,Finance,Ransomware,2021,21.38,21228012
3926,Brazil,Healthcare,Data Breach,2023,0.62,12603980
3927,Russia,Manufacturing,Data Breach,2023,4.66,45323285
3928,China,Healthcare,Data Breach,2022,5.35,14167168
3929,Australia,Energy,Man-in-the-Middle,2018,5.74,2873482
3930,Russia,Education,Phishing,2022,1.08,18167495
3931,China,Healthcare,Ransomware,2015,13.05,41667856
3932,Japan,Technology,Data Breach,2023,1.4,40682612
3933,Russia,Retail,Phishing,2017,4.89,48828049
3934,Russia,Manufacturing,SQL Injection,2018,1.63,41868584
3935,India,Education,SQL Injection,2022,2.15,47679217
3936,Russia,Technology,Ransomware,2015,4.06,33422246
3937,United States,Manufacturing,Data Breach,2024,2.93,746570
3938,United States,Education,SQL Injection,2021,1.29,46290773
3939,United States,Energy,Ransomware,2023,1.34,16094240
3940,United Kingdom,Government,Credential Stuffing,2024,2.94,40623098
3941,United States,Healthcare,SQL Injection,2019,6.87,43515902
3942,United States,Telecommunications,SQL Injection,2022,10.77,35473049
3943,China,Education,Man-in-the-Middle,2019,0.9,14378221
3944,Germany,Telecommunications,Phishing,2017,2.75,24049584
3945,United States,Healthcare,Data Breach,2023,0.98,19607411
3946,China,Finance,Phishing,2016,0.58,3430085
3947,Brazil,Retail,SQL Injection,2016,5.38,41958728
3948,Germany,Finance,DDoS,2021,4.65,36368800
3949,Russia,Finance,Man-in-the-Middle,2023,1.3,25623225
3950,Russia,Energy,Phishing,2023,1.7,7058275
3951,United States,Education,Insider Threat,2023,0.61,45153241
3952,United States,Technology,Phishing,2023,8.61,30448940
3953,Brazil,Technology,Phishing,2016,17.04,41787355
3954,United States,Government,Phishing,2019,1.16,19016981
3955,United States,Finance,Ransomware,2024,1.68,29326168
3956,India,Retail,Ransomware,2019,9.63,46152121
3957,United States,Technology,Ransomware,2023,12.24,29125902
3958,United Kingdom,Finance,Data Breach,2018,2.95,10347678
3959,United States,Technology,Ransomware,2016,0.73,47515428
3960,India,Retail,Ransomware,2020,0.68,14229044
3961,United States,Finance,DDoS,2022,4.34,10104687
3962,China,Healthcare,Ransomware,2023,2.75,3423704
3963,United States,Healthcare,Ransomware,2021,0.63,10897602
3964,Netherlands,Retail,Zero-Day Exploit,2020,4.44,35398880
3965,India,Technology,SQL Injection,2020,0.55,759948
3966,India,Healthcare,Data Breach,2024,7.47,7100382
3967,United States,Finance,SQL Injection,2016,2.15,26575201
3968,Germany,Education,DDoS,2022,0.68,30543978
3969,United Kingdom,Healthcare,Ransomware,2021,4.49,31952442
3970,China,Retail,SQL Injection,2022,2.78,9181352
3971,United States,Energy,Supply Chain Attack,2022,16.89,1539252
3972,Russia,Finance,Data Breach,2018,4.04,17601153
3973,Saudi Arabia,Education,Data Breach,2018,1.95,841718
3974,Japan,Retail,Supply Chain Attack,2022,6.06,9350451
3975,United States,Healthcare,Phishing,2023,1.93,33272120
3976,Brazil,Finance,DDoS,2022,11.06,22768549
3977,India,Telecommunications,Ransomware,2021,2.61,32891245
3978,France,Education,Ransomware,2024,4.09,49789939
3979,Brazil,Education,Phishing,2024,0.73,38283656
3980,United States,Technology,Ransomware,2023,3.0,17812656
3981,United Kingdom,Healthcare,Ransomware,2020,8.54,11750787
3982,China,Finance,Credential Stuffing,2020,7.87,41920658
3983,Germany,Transportation,Phishing,2024,1.64,33657553
3984,China,Healthcare,Phishing,2021,1.65,23858475
3985,Russia,Government,Data Breach,2018,8.15,8388917
3986,India,Finance,SQL Injection,2022,12.49,8610779
3987,China,Government,DDoS,2024,0.95,30518724
3988,China,Finance,SQL Injection,2023,3.19,49673472
3989,United States,Energy,Phishing,2018,2.35,44402024
3990,United States,Energy,Ransomware,2021,9.7,47516848
3991,Japan,Telecommunications,Phishing,2018,0.89,5473124
3992,Russia,Energy,Supply Chain Attack,2020,1.57,28173370
3993,Russia,Healthcare,DDoS,2024,6.78,32773707
3994,United States,Government,Phishing,2017,0.74,216294
3995,United States,Energy,Credential Stuffing,2019,3.55,2454182
3996,Russia,Healthcare,Data Breach,2020,3.13,6474567
3997,United Kingdom,Technology,SQL Injection,2022,2.33,23742726
3998,United States,Healthcare,Ransomware,2016,2.76,37151858
3999,France,Education,Zero-Day Exploit,2017,3.9,22534438
4000,Russia,Government,Supply Chain Attack,2021,1.29,10584522
4001,United States,Education,DDoS,2018,4.32,28607413
4002,Russia,Technology,Data Breach,2021,7.87,49150879
4003,United States,Finance,Insider Threat,2021,6.93,40219209
4004,India,Healthcare,Ransomware,2023,1.25,1034123
4005,Brazil,Government,Credential Stuffing,2021,1.23,41731620
4006,Canada,Manufacturing,Phishing,2020,1.9,30156288
4007,France,Healthcare,Data Breach,2023,2.52,42336685
4008,United Kingdom,Energy,Supply Chain Attack,2020,2.86,17078079
4009,India,Manufacturing,Credential Stuffing,2015,5.62,26221532
4010,China,Technology,Zero-Day Exploit,2024,0.76,3849282
4011,United States,Retail,DDoS,2019,0.66,28611830
4012,India,Energy,Zero-Day Exploit,2021,2.74,32084326
4013,China,Finance,Data Breach,2020,5.88,18341774
4014,Brazil,Transportation,SQL Injection,2019,1.47,7919684
4015,France,Education,Man-in-the-Middle,2016,5.12,26832908
4016,China,Energy,Phishing,2023,1.85,37796686
4017,India,Retail,Ransomware,2020,10.28,35132118
4018,Germany,Transportation,Data Breach,2015,10.67,4474320
4019,France,Government,Man-in-the-Middle,2017,2.09,8736957
4020,Germany,Technology,Data Breach,2024,1.68,29795123
4021,United States,Finance,Phishing,2021,2.88,986375
4022,United States,Government,Phishing,2024,1.74,49965239
4023,Russia,Technology,SQL Injection,2022,5.52,34964656
4024,China,Government,Zero-Day Exploit,2018,8.37,26780264
4025,Japan,Manufacturing,Data Breach,2021,5.53,3394120
4026,China,Technology,Data Breach,2023,8.33,9860785
4027,Canada,Government,Credential Stuffing,2024,2.78,17587902
4028,Russia,Finance,Insider Threat,2020,1.26,49562481
4029,United States,Retail,Data Breach,2019,6.53,31471819
4030,Germany,Healthcare,Data Breach,2024,2.51,9817639
4031,France,Healthcare,DDoS,2024,5.51,31380242
4032,India,Retail,Supply Chain Attack,2015,1.92,28026521
4033,United States,Education,Man-in-the-Middle,2022,0.88,46253633
4034,United States,Technology,DDoS,2021,22.57,26324790
4035,United Kingdom,Healthcare,SQL Injection,2017,1.26,981698
4036,Germany,Manufacturing,Data Breach,2024,20.56,9348248
4037,China,Education,Data Breach,2015,17.53,31684401
4038,China,Transportation,Zero-Day Exploit,2017,7.61,11576735
4039,United States,Technology,Ransomware,2020,5.35,41974681
4040,United Kingdom,Healthcare,Phishing,2020,4.38,16064429
4041,China,Healthcare,DDoS,2024,9.55,42418899
4042,Japan,Finance,Data Breach,2021,2.04,36399042
4043,Russia,Transportation,Man-in-the-Middle,2017,3.34,4323592
4044,China,Finance,DDoS,2022,4.85,16985466
4045,China,Finance,Credential Stuffing,2022,2.88,19350654
4046,United Kingdom,Government,Supply Chain Attack,2021,3.01,33322153
4047,France,Healthcare,Credential Stuffing,2021,2.3,1858877
4048,Russia,Finance,Data Breach,2022,4.24,6510629
4049,France,Technology,Phishing,2022,9.05,17257936
4050,Russia,Finance,Phishing,2023,1.51,4935600
4051,China,Government,Data Breach,2024,12.76,33542166
4052,India,Finance,DDoS,2022,5.76,30852501
4053,China,Manufacturing,Phishing,2022,8.3,4863199
4054,China,Retail,SQL Injection,2016,4.16,38473846
4055,China,Healthcare,Ransomware,2021,7.3,23770468
4056,Germany,Healthcare,Phishing,2019,0.57,22973835
4057,Germany,Education,Credential Stuffing,2023,8.18,1122307
4058,Japan,Healthcare,Phishing,2024,0.68,19468243
4059,United Kingdom,Technology,Phishing,2024,10.43,27748901
4060,France,Government,Data Breach,2022,22.21,33982089
4061,Russia,Technology,Ransomware,2022,2.07,10204307
4062,Germany,Manufacturing,Supply Chain Attack,2015,1.56,11586222
4063,United States,Healthcare,DDoS,2018,7.02,18942772
4064,United States,Government,DDoS,2021,1.81,41072150
4065,Russia,Technology,DDoS,2023,9.53,47831246
4066,China,Transportation,Supply Chain Attack,2019,0.99,41321759
4067,India,Government,Man-in-the-Middle,2022,1.11,33373369
4068,Germany,Retail,Phishing,2021,17.92,2152359
4069,Germany,Education,Man-in-the-Middle,2019,5.54,27785134
4070,United States,Finance,Data Breach,2019,8.94,3391019
4071,Netherlands,Manufacturing,DDoS,2024,2.26,43648236
4072,United States,Retail,Data Breach,2017,5.58,40585651
4073,United States,Retail,Supply Chain Attack,2023,4.56,38009769
4074,United States,Retail,Man-in-the-Middle,2023,4.66,5871448
4075,South Korea,Energy,SQL Injection,2023,5.66,35933752
4076,Russia,Finance,Phishing,2021,4.35,3519165
4077,United States,Technology,Data Breach,2024,3.02,23738014
4078,China,Healthcare,Ransomware,2017,1.95,35338742
4079,United States,Technology,Insider Threat,2021,7.09,38752895
4080,United States,Finance,Phishing,2021,1.65,7341227
4081,China,Healthcare,SQL Injection,2024,5.8,2463601
4082,Iran,Government,Phishing,2015,1.7,26910843
4083,United Kingdom,Healthcare,Ransomware,2024,4.92,42971859
4084,India,Government,Phishing,2023,6.69,9975695
4085,Germany,Government,Insider Threat,2024,1.61,32992840
4086,India,Healthcare,Data Breach,2024,0.78,36373659
4087,Italy,Government,Phishing,2023,1.13,6779965
4088,Brazil,Retail,Data Breach,2023,4.69,38580546
4089,United Kingdom,Manufacturing,Phishing,2023,9.02,18710235
4090,Russia,Government,SQL Injection,2023,0.71,23027990
4091,United States,Healthcare,Ransomware,2023,6.46,44092291
4092,United Kingdom,Energy,SQL Injection,2023,2.38,10254869
4093,Brazil,Manufacturing,Supply Chain Attack,2015,3.43,24397836
4094,China,Transportation,Ransomware,2019,12.39,31163941
4095,United States,Energy,Ransomware,2018,2.32,31193679
4096,India,Finance,Zero-Day Exploit,2021,3.32,24762021
4097,Russia,Finance,Phishing,2021,0.56,26293284
4098,China,Finance,SQL Injection,2016,0.88,15565319
4099,United States,Telecommunications,SQL Injection,2021,1.85,8731996
4100,United States,Government,DDoS,2021,0.63,35557039
4101,China,Energy,Credential Stuffing,2021,4.99,2652908
4102,United States,Government,Phishing,2023,3.0,12260615
4103,United States,Finance,Ransomware,2024,4.07,13692748
4104,Mexico,Healthcare,Ransomware,2018,1.36,14953023
4105,France,Healthcare,Supply Chain Attack,2018,2.08,16203657
4106,China,Government,Phishing,2020,5.41,10877197
4107,China,Retail,Data Breach,2023,15.62,35465660
4108,India,Finance,Data Breach,2021,0.73,28850720
4109,India,Healthcare,Ransomware,2023,10.45,38311029
4110,Germany,Retail,Insider Threat,2016,4.37,5133481
4111,United States,Government,Credential Stuffing,2023,4.23,38402775
4112,United States,Transportation,Credential Stuffing,2022,3.62,19202674
4113,China,Government,Ransomware,2022,0.82,12132115
4114,Brazil,Government,Phishing,2017,0.92,41200171
4115,Australia,Government,Zero-Day Exploit,2024,4.63,3917530
4116,China,Healthcare,Man-in-the-Middle,2018,2.38,43794719
4117,Netherlands,Manufacturing,Supply Chain Attack,2023,11.71,31423584
4118,China,Transportation,Supply Chain Attack,2024,2.85,13629084
4119,India,Retail,Ransomware,2024,1.2,5544323
4120,United States,Finance,DDoS,2018,6.14,28694521
4121,South Korea,Retail,Ransomware,2017,2.06,12992154
4122,India,Healthcare,Zero-Day Exploit,2017,3.85,39497244
4123,China,Healthcare,Zero-Day Exploit,2019,5.89,31811440
4124,Russia,Government,DDoS,2017,10.87,1171858
4125,United States,Finance,Ransomware,2015,7.57,45633722
4126,United States,Energy,SQL Injection,2019,5.58,16702369
4127,China,Manufacturing,Phishing,2022,5.62,5276185
4128,Italy,Education,Ransomware,2018,13.63,24226432
4129,Brazil,Retail,Zero-Day Exploit,2024,2.08,7185280
4130,Netherlands,Finance,Phishing,2024,0.51,8023656
4131,Canada,Technology,DDoS,2022,1.93,26157917
4132,Brazil,Healthcare,Phishing,2023,1.61,47486726
4133,India,Manufacturing,Supply Chain Attack,2020,5.38,43454042
4134,Germany,Government,Zero-Day Exploit,2021,5.02,23876808
4135,Singapore,Energy,Credential Stuffing,2015,4.55,27614890
4136,India,Finance,Data Breach,2023,0.57,28662534
4137,France,Government,Supply Chain Attack,2016,6.37,11138288
4138,France,Government,Zero-Day Exploit,2016,2.26,46239981
4139,Netherlands,Government,Insider Threat,2022,5.42,10207909
4140,Russia,Retail,Ransomware,2022,4.16,32092969
4141,Russia,Finance,Phishing,2023,2.39,30261575
4142,India,Energy,Data Breach,2019,1.15,18057596
4143,United States,Government,SQL Injection,2022,0.95,23904786
4144,United States,Energy,Phishing,2017,8.51,31138955
4145,United States,Government,Insider Threat,2020,11.78,20793105
4146,United Kingdom,Healthcare,Zero-Day Exploit,2023,5.22,38541050
4147,Saudi Arabia,Technology,Phishing,2023,0.99,37282193
4148,United Kingdom,Retail,Phishing,2022,2.81,10065081
4149,China,Healthcare,DDoS,2016,6.37,1279472
4150,China,Retail,Zero-Day Exploit,2021,7.31,37649760
4151,Netherlands,Retail,Ransomware,2022,1.07,30175864
4152,Russia,Finance,Data Breach,2016,0.5,14173028
4153,United States,Telecommunications,Man-in-the-Middle,2022,6.1,5767134
4154,Brazil,Transportation,Phishing,2017,2.48,8837110
4155,China,Energy,Phishing,2023,1.82,2449951
4156,United States,Energy,Data Breach,2021,0.56,6507652
4157,United Kingdom,Finance,Zero-Day Exploit,2021,4.0,30118247
4158,Brazil,Healthcare,Zero-Day Exploit,2022,9.07,42224973
4159,United States,Government,Ransomware,2023,14.73,49989222
4160,South Korea,Healthcare,Insider Threat,2021,4.25,35997079
4161,Russia,Manufacturing,Phishing,2023,3.75,1237068
4162,China,Healthcare,SQL Injection,2024,0.9,3078982
4163,Canada,Transportation,Credential Stuffing,2024,4.08,26925951
4164,China,Government,Data Breach,2022,2.65,35542554
4165,Italy,Education,Zero-Day Exploit,2018,4.7,38836124
4166,United Kingdom,Healthcare,DDoS,2018,2.71,16040516
4167,Australia,Government,SQL Injection,2016,1.74,28218611
4168,Russia,Technology,Phishing,2021,0.95,16273506
4169,United States,Healthcare,Ransomware,2019,2.2,3193896
4170,Germany,Government,DDoS,2017,0.96,8482316
4171,Japan,Transportation,Ransomware,2019,1.38,11668400
4172,United States,Healthcare,Phishing,2019,20.16,25134354
4173,United States,Finance,Insider Threat,2024,3.14,25452463
4174,China,Telecommunications,Supply Chain Attack,2022,3.92,26757544
4175,United Kingdom,Government,SQL Injection,2018,9.81,27219714
4176,United States,Education,DDoS,2020,24.89,3049407
4177,United States,Finance,Man-in-the-Middle,2017,4.43,46465921
4178,Australia,Government,Supply Chain Attack,2023,8.03,27730037
4179,United Kingdom,Government,Credential Stuffing,2016,2.28,29859983
4180,United Kingdom,Transportation,Ransomware,2018,2.14,2801918
4181,United Kingdom,Telecommunications,Man-in-the-Middle,2020,2.82,22696902
4182,France,Education,Data Breach,2020,5.52,20823037
4183,India,Healthcare,Data Breach,2022,5.66,18640348
4184,United States,Technology,Ransomware,2018,2.2,38499146
4185,Russia,Healthcare,Ransomware,2021,1.14,41406548
4186,United Kingdom,Manufacturing,Data Breach,2017,5.0,24551382
4187,Russia,Education,Insider Threat,2020,1.12,41424799
4188,Israel,Manufacturing,Zero-Day Exploit,2022,4.39,41374020
4189,Canada,Energy,Phishing,2017,5.82,27390268
4190,Japan,Retail,Data Breach,2024,5.93,47967899
4191,Russia,Government,Ransomware,2017,6.8,13463682
4192,Iran,Government,Man-in-the-Middle,2015,9.78,1378248
4193,Australia,Government,Phishing,2022,3.62,36598942
4194,China,Education,Phishing,2023,6.4,15005663
4195,China,Education,Man-in-the-Middle,2018,4.84,13045188
4196,India,Energy,Phishing,2024,1.43,33793358
4197,United States,Healthcare,Credential Stuffing,2020,0.62,18494670
4198,Brazil,Finance,Ransomware,2017,2.01,25916706
4199,Russia,Government,Phishing,2022,3.13,45844547
4200,India,Finance,Supply Chain Attack,2018,4.82,481909
4201,Russia,Retail,Ransomware,2024,9.04,26400756
4202,China,Education,Phishing,2022,1.48,41816901
4203,United Kingdom,Government,Phishing,2015,1.1,24061706
4204,United States,Technology,Ransomware,2021,15.39,37921741
4205,Ukraine,Retail,Phishing,2022,1.01,42336921
4206,Germany,Government,DDoS,2015,3.43,47204422
4207,Russia,Finance,Ransomware,2016,4.46,33106095
4208,Germany,Retail,Data Breach,2018,4.01,28324486
4209,United States,Transportation,Ransomware,2019,0.9,33591712
4210,United States,Technology,Phishing,2023,0.76,7546791
4211,India,Telecommunications,Phishing,2024,1.0,5611644
4212,China,Technology,Ransomware,2015,4.46,2251447
4213,United Kingdom,Healthcare,Insider Threat,2021,4.04,30991573
4214,China,Retail,Phishing,2022,1.7,4792130
4215,India,Retail,SQL Injection,2016,5.07,13218791
4216,China,Government,Credential Stuffing,2023,8.22,19397209
4217,Russia,Education,Supply Chain Attack,2015,0.69,6702345
4218,United Kingdom,Energy,Data Breach,2021,3.6,8745762
4219,China,Transportation,Credential Stuffing,2017,5.76,24173842
4220,Russia,Healthcare,Phishing,2017,1.81,10891364
4221,United States,Government,Ransomware,2021,2.16,18659302
4222,Germany,Education,Phishing,2020,4.78,18742945
4223,China,Healthcare,Phishing,2016,10.77,44771747
4224,Japan,Finance,Credential Stuffing,2021,7.97,34657780
4225,China,Government,Phishing,2024,4.44,10023393
4226,United States,Finance,Phishing,2022,6.4,41764657
4227,United States,Government,Man-in-the-Middle,2021,2.54,21040844
4228,India,Government,Phishing,2018,5.11,24993185
4229,China,Finance,Phishing,2015,3.32,9418630
4230,United States,Government,Man-in-the-Middle,2023,1.45,8623453
4231,China,Healthcare,Data Breach,2019,5.94,48289392
4232,China,Transportation,Data Breach,2024,4.16,20360966
4233,Russia,Manufacturing,Credential Stuffing,2023,2.5,28964494
4234,China,Government,Man-in-the-Middle,2023,11.4,49669093
4235,United States,Technology,Data Breach,2023,0.6,35917851
4236,Netherlands,Energy,Data Breach,2024,2.21,35372754
4237,United States,Energy,SQL Injection,2017,0.76,22188003
4238,Brazil,Healthcare,Phishing,2017,7.05,41753955
4239,United States,Government,Data Breach,2023,5.95,17340822
4240,Russia,Finance,Phishing,2024,2.31,30289945
4241,Mexico,Finance,Credential Stuffing,2021,5.57,41389299
4242,Japan,Manufacturing,Zero-Day Exploit,2015,2.77,8904437
4243,Russia,Finance,Ransomware,2019,6.85,39027178
4244,Germany,Technology,Credential Stuffing,2018,3.22,28077968
4245,France,Technology,DDoS,2016,2.89,38599948
4246,China,Government,SQL Injection,2024,12.78,27249729
4247,India,Finance,Phishing,2023,1.8,22051213
4248,India,Manufacturing,Ransomware,2023,1.08,45056332
4249,Russia,Government,Ransomware,2019,4.45,354282
4250,Germany,Healthcare,Supply Chain Attack,2023,16.18,38697330
4251,United States,Healthcare,Data Breach,2024,2.64,36195487
4252,Brazil,Government,Ransomware,2018,0.79,48442702
4253,Russia,Technology,DDoS,2017,2.37,43985672
4254,United Kingdom,Technology,DDoS,2022,3.67,36471117
4255,Russia,Retail,Phishing,2015,1.29,18351571
4256,China,Finance,Data Breach,2020,5.33,7012122
4257,China,Transportation,Phishing,2018,27.93,22324555
4258,India,Telecommunications,Data Breach,2022,3.2,48838604
4259,South Korea,Finance,Data Breach,2023,2.47,29649486
4260,China,Telecommunications,Man-in-the-Middle,2017,2.8,39464654
4261,United States,Finance,Ransomware,2023,1.05,13482586
4262,United States,Retail,Ransomware,2024,10.17,36324317
4263,Japan,Technology,SQL Injection,2023,2.91,37068610
4264,Netherlands,Technology,Data Breach,2022,2.7,45658803
4265,United States,Education,Credential Stuffing,2019,5.35,39517664
4266,India,Healthcare,Data Breach,2023,3.13,9699855
4267,United Kingdom,Retail,Ransomware,2023,5.2,16644841
4268,United States,Telecommunications,Phishing,2021,0.79,18875267
4269,France,Finance,SQL Injection,2018,8.06,47503823
4270,China,Manufacturing,Ransomware,2022,13.2,26702125
4271,United Kingdom,Education,Supply Chain Attack,2018,5.21,35134421
4272,Russia,Government,Credential Stuffing,2018,14.41,8927477
4273,Germany,Healthcare,Data Breach,2022,1.24,287655
4274,Canada,Technology,Insider Threat,2020,3.42,3776044
4275,China,Education,Ransomware,2016,4.64,36298986
4276,China,Retail,Data Breach,2024,4.42,25574101
4277,United Kingdom,Technology,Phishing,2021,2.81,47601003
4278,United States,Technology,Man-in-the-Middle,2016,2.36,46651555
4279,United States,Retail,Zero-Day Exploit,2021,1.11,3197518
4280,Brazil,Finance,Phishing,2023,2.74,11509900
4281,China,Education,Data Breach,2023,1.3,2788747
4282,United Kingdom,Transportation,Ransomware,2015,6.47,6224998
4283,India,Finance,Phishing,2024,1.55,6378484
4284,Japan,Healthcare,SQL Injection,2017,0.77,18347813
4285,United States,Government,Phishing,2024,4.12,23723001
4286,United States,Retail,Data Breach,2023,4.57,28335207
4287,China,Retail,Phishing,2020,9.75,41831401
4288,China,Healthcare,DDoS,2021,4.37,30806281
4289,China,Energy,Data Breach,2017,2.41,17632750
4290,China,Transportation,Credential Stuffing,2015,7.81,308797
4291,United Kingdom,Healthcare,Phishing,2017,4.0,11799668
4292,China,Government,Phishing,2022,0.87,7279174
4293,Russia,Energy,Credential Stuffing,2017,4.25,46860930
4294,Japan,Healthcare,Ransomware,2024,11.24,42016048
4295,China,Government,DDoS,2021,2.77,43585113
4296,India,Retail,SQL Injection,2024,2.08,29731315
4297,Singapore,Government,Data Breach,2016,1.2,37758258
4298,Russia,Finance,Insider Threat,2023,1.24,14854862
4299,United States,Manufacturing,DDoS,2021,3.05,32070901
4300,United States,Finance,Phishing,2020,4.57,17619922
4301,Germany,Education,Phishing,2023,0.88,40932307
4302,United Kingdom,Finance,Ransomware,2019,13.13,37426081
4303,South Korea,Technology,Phishing,2022,6.83,42393555
4304,Germany,Technology,SQL Injection,2021,4.48,15333452
4305,United States,Technology,Ransomware,2020,8.43,41279486
4306,United States,Retail,SQL Injection,2021,0.88,20476762
4307,United States,Finance,Ransomware,2020,3.42,17326039
4308,United States,Transportation,Ransomware,2024,4.98,20010256
4309,Canada,Retail,Insider Threat,2024,8.44,26794585
4310,India,Retail,Zero-Day Exploit,2022,7.39,21550463
4311,United States,Education,Zero-Day Exploit,2017,1.96,25251274
4312,China,Healthcare,SQL Injection,2021,13.23,12597728
4313,France,Government,Ransomware,2024,1.1,26110956
4314,United States,Retail,Phishing,2024,9.86,36440111
4315,China,Healthcare,Supply Chain Attack,2021,16.42,33052658
4316,United States,Finance,Data Breach,2019,1.38,39466616
4317,United Kingdom,Manufacturing,SQL Injection,2021,6.26,42635159
4318,Canada,Healthcare,SQL Injection,2015,0.69,7355654
4319,China,Education,Man-in-the-Middle,2023,2.84,10297750
4320,China,Government,Ransomware,2020,3.77,1877430
4321,China,Technology,Ransomware,2022,4.41,15009946
4322,United Kingdom,Government,Phishing,2024,12.87,38636602
4323,United States,Education,Ransomware,2024,5.52,26878384
4324,Japan,Healthcare,Zero-Day Exploit,2017,3.45,42498274
4325,United States,Healthcare,Zero-Day Exploit,2015,7.97,33145174
4326,United Kingdom,Transportation,Credential Stuffing,2019,14.03,22985403
4327,Japan,Healthcare,Phishing,2023,0.6,47472563
4328,China,Retail,DDoS,2017,18.71,17825594
4329,Russia,Government,SQL Injection,2020,0.91,40590015
4330,Singapore,Finance,SQL Injection,2016,8.08,33677714
4331,India,Manufacturing,DDoS,2020,1.98,37797427
4332,China,Technology,Phishing,2023,1.14,24269134
4333,Russia,Finance,Data Breach,2023,3.11,28609673
4334,Singapore,Healthcare,Phishing,2024,5.15,26816806
4335,Germany,Finance,Phishing,2023,2.66,44402290
4336,United States,Education,Credential Stuffing,2024,0.75,10413924
4337,India,Retail,Credential Stuffing,2018,4.62,33719018
4338,United Kingdom,Healthcare,SQL Injection,2022,10.97,10082404
4339,United Kingdom,Telecommunications,Data Breach,2023,2.67,44774595
4340,India,Telecommunications,Supply Chain Attack,2017,1.6,14410540
4341,India,Government,DDoS,2018,3.13,37401088
4342,United Kingdom,Retail,Phishing,2019,0.72,39813757
4343,China,Education,DDoS,2018,8.23,17504784
4344,China,Healthcare,Ransomware,2021,8.38,18841934
4345,India,Energy,Zero-Day Exploit,2021,4.49,12675520
4346,Brazil,Transportation,Man-in-the-Middle,2019,2.46,20232023
4347,Russia,Finance,Zero-Day Exploit,2024,7.74,30975556
4348,China,Healthcare,Data Breach,2015,4.14,38427119
4349,China,Healthcare,Phishing,2017,8.37,13747650
4350,China,Education,Ransomware,2018,4.99,28242435
4351,United States,Healthcare,Phishing,2024,7.4,27068377
4352,Brazil,Manufacturing,Phishing,2020,4.61,6284279
4353,Japan,Healthcare,Ransomware,2019,2.91,15052762
4354,China,Finance,Zero-Day Exploit,2018,14.76,12442774
4355,Russia,Finance,DDoS,2023,4.01,6914228
4356,United States,Finance,Zero-Day Exploit,2015,4.68,45811847
4357,Australia,Energy,Ransomware,2016,1.62,36353190
4358,Italy,Transportation,DDoS,2017,4.92,41216740
4359,Russia,Finance,Phishing,2023,4.31,17680126
4360,United States,Government,Phishing,2021,1.42,15221592
4361,Russia,Transportation,Phishing,2024,0.78,29625042
4362,China,Government,Credential Stuffing,2017,4.67,5541643
4363,China,Education,Man-in-the-Middle,2015,6.99,5169719
4364,United States,Finance,Supply Chain Attack,2024,3.83,39949553
4365,China,Energy,Phishing,2015,1.66,40516039
4366,Russia,Education,Data Breach,2018,5.44,15571752
4367,India,Education,DDoS,2018,0.88,49972794
4368,China,Government,Ransomware,2016,3.12,12768976
4369,United States,Finance,Zero-Day Exploit,2015,1.3,37250143
4370,Germany,Finance,SQL Injection,2021,1.42,38985691
4371,China,Retail,DDoS,2018,1.52,26212018
4372,China,Manufacturing,Insider Threat,2019,2.7,32670468
4373,China,Finance,Data Breach,2023,0.74,16153206
4374,Russia,Government,SQL Injection,2020,2.78,41906402
4375,China,Education,Ransomware,2018,3.73,32766256
4376,France,Energy,Phishing,2017,3.47,30648448
4377,Australia,Finance,Phishing,2015,2.67,28385843
4378,Brazil,Technology,Phishing,2021,8.72,6225275
4379,United Kingdom,Transportation,Ransomware,2022,1.21,17778938
4380,China,Government,Credential Stuffing,2023,3.67,3246419
4381,Germany,Manufacturing,Data Breach,2024,0.79,1636717
4382,Brazil,Government,Phishing,2017,0.83,30912281
4383,Russia,Energy,DDoS,2017,4.34,45673676
4384,Japan,Technology,Ransomware,2023,4.26,27529228
4385,United States,Retail,Supply Chain Attack,2015,9.97,32943636
4386,China,Retail,Ransomware,2024,4.17,19244020
4387,United Kingdom,Government,Credential Stuffing,2023,14.96,27525716
4388,United Kingdom,Education,Phishing,2020,0.72,1046351
4389,China,Government,Phishing,2023,0.96,285456
4390,United Kingdom,Retail,Supply Chain Attack,2022,0.7,32289039
4391,United States,Healthcare,Supply Chain Attack,2023,1.42,43467345
4392,United States,Finance,Credential Stuffing,2017,4.01,36557869
4393,United States,Healthcare,Data Breach,2021,5.17,43111834
4394,India,Education,Supply Chain Attack,2024,0.71,31147510
4395,United States,Education,Supply Chain Attack,2023,13.63,8505189
4396,United States,Finance,Data Breach,2022,8.81,3275754
4397,China,Technology,Insider Threat,2021,2.08,3674877
4398,Germany,Retail,Ransomware,2023,0.86,39788082
4399,Germany,Transportation,Supply Chain Attack,2023,1.34,24900050
4400,China,Government,Phishing,2023,1.11,44056667
4401,United States,Healthcare,SQL Injection,2022,1.09,14918281
4402,Russia,Finance,Data Breach,2020,3.79,13525734
4403,China,Finance,Data Breach,2021,1.77,32276787
4404,China,Technology,Ransomware,2023,2.5,21172418
4405,Brazil,Government,Phishing,2019,21.01,14813119
4406,Mexico,Healthcare,Ransomware,2024,5.69,41599553
4407,Russia,Retail,Phishing,2024,13.89,41614094
4408,France,Government,Zero-Day Exploit,2024,1.19,31531869
4409,China,Technology,Phishing,2024,2.67,16669482
4410,Japan,Healthcare,Man-in-the-Middle,2021,4.14,35796551
4411,Italy,Finance,Data Breach,2021,0.86,10450752
4412,United States,Healthcare,Data Breach,2019,0.52,48297595
4413,France,Finance,SQL Injection,2018,5.49,17089367
4414,United States,Government,Supply Chain Attack,2016,5.12,31237859
4415,Russia,Technology,Data Breach,2024,2.88,19568320
4416,United States,Manufacturing,Phishing,2023,3.53,15099791
4417,Japan,Education,Phishing,2024,2.92,45240474
4418,Brazil,Government,Data Breach,2021,0.61,39817280
4419,Brazil,Retail,Credential Stuffing,2022,2.34,3568225
4420,United States,Education,Phishing,2018,1.38,6656769
4421,France,Healthcare,Credential Stuffing,2017,0.97,44584576
4422,China,Finance,Phishing,2016,14.63,19220221
4423,France,Retail,Zero-Day Exploit,2023,4.62,26899265
4424,Russia,Manufacturing,Data Breach,2024,6.37,39579672
4425,Germany,Technology,Data Breach,2016,2.2,23140097
4426,United States,Healthcare,DDoS,2016,2.75,14184806
4427,Russia,Manufacturing,Data Breach,2024,1.72,19940573
4428,France,Government,SQL Injection,2019,0.96,2675086
4429,India,Energy,Ransomware,2022,1.39,36970346
4430,Iran,Finance,Credential Stuffing,2021,7.69,35504788
4431,Russia,Finance,Phishing,2020,5.59,19580844
4432,United Kingdom,Finance,Credential Stuffing,2019,4.06,32079448
4433,China,Technology,Phishing,2021,3.4,11796876
4434,China,Education,DDoS,2023,12.0,21031600
4435,United Kingdom,Telecommunications,Insider Threat,2024,0.84,26009138
4436,United States,Government,Ransomware,2019,1.98,33719833
4437,South Korea,Healthcare,SQL Injection,2024,2.44,26267944
4438,India,Finance,Insider Threat,2018,7.36,33851712
4439,China,Finance,DDoS,2019,22.53,16237638
4440,United Kingdom,Government,Ransomware,2023,1.74,3406014
4441,United States,Education,Zero-Day Exploit,2015,9.83,41720318
4442,Canada,Finance,Phishing,2020,8.49,4178027
4443,Japan,Retail,Ransomware,2019,1.65,5032503
4444,United States,Technology,Phishing,2018,2.79,3229165
4445,United States,Telecommunications,Credential Stuffing,2020,2.87,45402480
4446,United Kingdom,Manufacturing,DDoS,2015,17.72,11607330
4447,China,Finance,Insider Threat,2019,1.4,46583744
4448,United States,Technology,SQL Injection,2024,7.72,587526
4449,China,Government,Credential Stuffing,2022,2.33,3430560
4450,United States,Manufacturing,Credential Stuffing,2019,6.41,46986777
4451,France,Manufacturing,Ransomware,2022,2.95,15091051
4452,United States,Healthcare,Supply Chain Attack,2023,4.39,45083520
4453,United States,Retail,Data Breach,2024,8.54,41557561
4454,France,Healthcare,Ransomware,2020,7.84,30278392
4455,Russia,Healthcare,Phishing,2017,9.56,36021039
4456,India,Technology,Data Breach,2016,0.78,10055269
4457,China,Energy,Zero-Day Exploit,2016,5.8,31907852
4458,United States,Finance,Supply Chain Attack,2017,1.18,34330917
4459,United States,Energy,Phishing,2024,2.92,32361029
4460,United States,Government,DDoS,2023,4.08,10293222
4461,United Kingdom,Education,Phishing,2023,2.82,27463091
4462,South Korea,Finance,Ransomware,2023,3.8,41018902
4463,Mexico,Retail,Zero-Day Exploit,2021,25.98,9465127
4464,United Kingdom,Government,Zero-Day Exploit,2016,1.15,47850426
4465,United States,Energy,Supply Chain Attack,2021,5.56,9395548
4466,United Kingdom,Government,Data Breach,2024,2.77,9370197
4467,Germany,Technology,Insider Threat,2022,1.14,46086455
4468,France,Transportation,Man-in-the-Middle,2021,1.28,4559612
4469,United States,Healthcare,Credential Stuffing,2022,13.92,6519553
4470,China,Government,Ransomware,2023,10.03,28438069
4471,Iran,Retail,Data Breach,2024,11.19,6846190
4472,France,Healthcare,Phishing,2017,21.97,8608064
4473,France,Healthcare,Data Breach,2024,1.55,28696948
4474,Brazil,Healthcare,Ransomware,2017,2.48,2995453
4475,Russia,Healthcare,SQL Injection,2021,5.48,35229787
4476,United States,Finance,Supply Chain Attack,2021,3.48,25650524
4477,Germany,Retail,Zero-Day Exploit,2016,2.94,18685467
4478,China,Government,Data Breach,2019,2.49,28083091
4479,United States,Finance,Ransomware,2019,4.55,36843895
4480,Canada,Finance,Zero-Day Exploit,2017,4.36,31634512
4481,Russia,Manufacturing,Insider Threat,2018,1.29,25812155
4482,Russia,Government,Data Breach,2024,3.37,9158530
4483,China,Manufacturing,SQL Injection,2022,4.13,36340734
4484,Germany,Telecommunications,Phishing,2018,4.3,41267941
4485,United States,Transportation,Man-in-the-Middle,2019,1.56,48460380
4486,United States,Manufacturing,Phishing,2024,6.6,4209329
4487,China,Finance,Ransomware,2018,0.61,45831015
4488,Germany,Technology,Ransomware,2024,2.47,35203911
4489,China,Healthcare,Man-in-the-Middle,2015,7.32,10685190
4490,Brazil,Transportation,Phishing,2019,4.23,27923791
4491,Australia,Healthcare,Phishing,2017,1.86,22328409
4492,India,Finance,Ransomware,2016,5.84,46887139
4493,United States,Retail,DDoS,2023,4.27,28412506
4494,United States,Technology,Data Breach,2024,7.66,15521067
4495,China,Finance,Ransomware,2021,6.48,19169317
4496,China,Finance,Zero-Day Exploit,2019,4.74,27438057
4497,China,Healthcare,Zero-Day Exploit,2021,3.51,35871362
4498,United States,Government,Phishing,2022,1.14,27391577
4499,United Kingdom,Healthcare,Zero-Day Exploit,2024,1.86,13747949
4500,China,Manufacturing,Zero-Day Exploit,2022,2.94,18010703
4501,United States,Energy,Man-in-the-Middle,2023,4.62,14888056
4502,United States,Manufacturing,DDoS,2024,3.74,13194573
4503,Japan,Transportation,SQL Injection,2020,2.03,35803651
4504,France,Government,Man-in-the-Middle,2015,0.53,19228919
4505,China,Government,Ransomware,2022,3.59,47379501
4506,Germany,Healthcare,Phishing,2024,2.01,18274432
4507,United Kingdom,Education,Ransomware,2017,6.47,5572044
4508,India,Education,Ransomware,2015,0.61,48681367
4509,China,Retail,Ransomware,2021,4.46,46256086
4510,India,Telecommunications,Man-in-the-Middle,2018,13.27,44849413
4511,Russia,Finance,DDoS,2016,1.36,45837239
4512,India,Energy,Ransomware,2020,3.37,38150304
4513,United Kingdom,Finance,Ransomware,2015,0.93,46954720
4514,China,Finance,Ransomware,2016,4.92,37844523
4515,United Kingdom,Finance,DDoS,2022,4.1,39296170
4516,United States,Healthcare,DDoS,2021,2.85,39607209
4517,India,Education,SQL Injection,2021,3.82,41779299
4518,United States,Manufacturing,Ransomware,2015,10.71,6582223
4519,Brazil,Retail,SQL Injection,2023,1.48,6806069
4520,United States,Energy,SQL Injection,2023,0.6,13773142
4521,Japan,Finance,Credential Stuffing,2018,9.4,48346701
4522,United States,Healthcare,Data Breach,2024,4.37,31154808
4523,Russia,Telecommunications,Credential Stuffing,2017,10.46,22413905
4524,United States,Healthcare,Data Breach,2023,4.59,49732582
4525,India,Healthcare,Supply Chain Attack,2024,7.98,24723637
4526,Japan,Finance,Data Breach,2020,3.03,14719931
4527,United Kingdom,Technology,Phishing,2020,6.74,48788434
4528,India,Finance,DDoS,2017,11.49,11679341
4529,Germany,Healthcare,Man-in-the-Middle,2022,4.32,9571326
4530,China,Finance,Data Breach,2019,1.4,18448495
4531,China,Retail,SQL Injection,2021,1.91,25261418
4532,India,Education,Phishing,2020,1.5,47177460
4533,United States,Technology,DDoS,2021,1.78,16380452
4534,South Korea,Energy,Ransomware,2020,2.15,11386147
4535,United States,Finance,Man-in-the-Middle,2023,4.14,20005725
4536,Russia,Government,DDoS,2018,4.49,41782485
4537,Canada,Healthcare,Phishing,2023,3.0,8324978
4538,United States,Education,Data Breach,2024,4.8,36568662
4539,Brazil,Manufacturing,Supply Chain Attack,2024,0.88,41883268
4540,United States,Finance,Man-in-the-Middle,2023,0.91,30077089
4541,India,Government,Man-in-the-Middle,2019,1.35,38302024
4542,South Korea,Telecommunications,Phishing,2023,3.78,18888594
4543,Russia,Manufacturing,Phishing,2024,1.58,24752834
4544,China,Education,Zero-Day Exploit,2019,2.0,12277540
4545,Germany,Technology,DDoS,2018,2.8,46478891
4546,Brazil,Finance,Ransomware,2017,8.02,33771183
4547,China,Finance,Data Breach,2020,0.56,6620761
4548,United States,Finance,Man-in-the-Middle,2024,5.22,9929564
4549,United States,Finance,Ransomware,2023,5.47,14697142
4550,China,Manufacturing,Ransomware,2019,7.71,16309372
4551,South Korea,Retail,Zero-Day Exploit,2023,12.65,11843228
4552,Netherlands,Healthcare,Data Breach,2015,0.59,30672003
4553,United States,Manufacturing,Credential Stuffing,2022,1.25,23144354
4554,Germany,Energy,Data Breach,2019,10.28,24349807
4555,India,Finance,DDoS,2015,3.26,19312560
4556,United States,Manufacturing,SQL Injection,2021,4.24,35114687
4557,India,Finance,SQL Injection,2023,5.39,30107748
4558,China,Healthcare,Man-in-the-Middle,2022,5.61,35166121
4559,United Kingdom,Retail,Ransomware,2018,12.58,48633067
4560,United States,Government,Ransomware,2023,26.57,468263
4561,France,Finance,Credential Stuffing,2021,6.23,9228520
4562,Russia,Transportation,Man-in-the-Middle,2017,2.02,21276223
4563,United States,Healthcare,Phishing,2018,10.03,3000202
4564,United Kingdom,Government,Ransomware,2021,0.73,29097850
4565,China,Healthcare,Credential Stuffing,2020,1.68,30573847
4566,Russia,Education,Data Breach,2021,10.75,49773159
4567,United Kingdom,Education,Ransomware,2020,1.83,47906529
4568,Canada,Healthcare,Data Breach,2017,1.62,26210578
4569,United States,Finance,Ransomware,2024,1.17,2378872
4570,United States,Healthcare,Data Breach,2023,9.32,42291877
4571,Russia,Retail,Ransomware,2023,3.62,15935338
4572,China,Energy,Phishing,2017,5.56,22517908
4573,United States,Government,Data Breach,2021,1.73,33401459
4574,Mexico,Finance,Man-in-the-Middle,2024,6.89,49922292
4575,Russia,Government,Ransomware,2020,6.92,26615223
4576,China,Retail,Data Breach,2024,2.19,35066717
4577,China,Education,Man-in-the-Middle,2021,2.88,27930554
4578,Saudi Arabia,Education,Ransomware,2023,1.56,21040302
4579,China,Government,Man-in-the-Middle,2023,17.39,36923269
4580,China,Retail,SQL Injection,2020,5.17,28665509
4581,France,Retail,Ransomware,2020,12.77,13242786
4582,Russia,Transportation,Ransomware,2022,2.13,22103226
4583,Germany,Finance,DDoS,2020,7.35,5363340
4584,United Kingdom,Healthcare,DDoS,2017,7.03,35582749
4585,India,Healthcare,Data Breach,2017,5.79,659397
4586,United States,Finance,Ransomware,2024,15.67,30364594
4587,France,Healthcare,Zero-Day Exploit,2024,2.75,6985581
4588,South Korea,Healthcare,DDoS,2022,1.13,44508018
4589,China,Finance,SQL Injection,2021,5.51,39303309
4590,Netherlands,Retail,Insider Threat,2024,6.38,7226560
4591,Russia,Energy,Phishing,2023,4.35,5506874
4592,China,Government,Ransomware,2021,1.54,8978014
4593,Germany,Healthcare,Ransomware,2023,3.66,5237364
4594,Iran,Energy,Ransomware,2019,2.18,45854060
4595,India,Manufacturing,SQL Injection,2022,3.01,19011285
4596,India,Finance,Ransomware,2021,5.16,10048556
4597,Saudi Arabia,Finance,Man-in-the-Middle,2023,6.65,48080435
4598,China,Technology,Ransomware,2022,1.69,44855175
4599,China,Government,Phishing,2022,2.84,19230355
4600,China,Finance,Zero-Day Exploit,2022,1.91,40906714
4601,Japan,Retail,Man-in-the-Middle,2020,1.5,46937282
4602,United States,Energy,Data Breach,2015,7.38,28462505
4603,Brazil,Healthcare,Ransomware,2024,11.3,22208685
4604,Germany,Education,Phishing,2017,2.58,47039923
4605,China,Energy,Supply Chain Attack,2021,6.76,39707815
4606,India,Government,Ransomware,2021,10.73,22909785
4607,India,Finance,Zero-Day Exploit,2021,8.92,14174201
4608,South Korea,Manufacturing,Data Breach,2019,1.41,24998195
4609,United States,Finance,Phishing,2017,14.59,49790935
4610,United States,Finance,Zero-Day Exploit,2018,2.63,33234785
4611,China,Healthcare,Zero-Day Exploit,2024,2.36,31475049
4612,United States,Finance,Data Breach,2023,0.79,40759805
4613,China,Manufacturing,SQL Injection,2019,3.5,4528558
4614,India,Healthcare,Insider Threat,2019,1.02,33012155
4615,China,Healthcare,Phishing,2020,1.79,30901094
4616,Brazil,Government,SQL Injection,2023,2.22,21104535
4617,United States,Finance,Man-in-the-Middle,2020,7.95,12779693
4618,Russia,Finance,Data Breach,2017,9.88,15255264
4619,Australia,Finance,Phishing,2017,2.12,13980001
4620,Germany,Healthcare,Phishing,2016,9.31,17554466
4621,Germany,Retail,Ransomware,2023,9.26,28483492
4622,France,Technology,Data Breach,2020,7.01,16011086
4623,United States,Retail,Ransomware,2019,1.21,44971069
4624,Brazil,Transportation,SQL Injection,2023,5.78,16695133
4625,Germany,Education,Data Breach,2020,13.55,47914428
4626,India,Government,Phishing,2020,5.66,2322091
4627,Australia,Finance,Data Breach,2022,2.31,5462862
4628,India,Healthcare,Zero-Day Exploit,2018,3.62,18453415
4629,China,Technology,Ransomware,2024,5.17,18867967
4630,Germany,Education,Man-in-the-Middle,2022,3.72,45658666
4631,India,Telecommunications,Phishing,2019,1.08,39409645
4632,United States,Technology,Data Breach,2019,2.18,47428822
4633,United States,Education,Ransomware,2023,7.8,25940380
4634,France,Finance,Phishing,2023,9.39,44897373
4635,China,Healthcare,Ransomware,2017,1.16,42836295
4636,Brazil,Healthcare,DDoS,2023,14.2,34081701
4637,Russia,Finance,Ransomware,2021,2.29,7123901
4638,Japan,Energy,Data Breach,2018,5.39,20559192
4639,Japan,Government,Ransomware,2021,6.77,1897565
4640,China,Energy,Phishing,2021,8.02,35818099
4641,United Kingdom,Telecommunications,Phishing,2021,13.61,22475801
4642,India,Finance,Phishing,2015,2.19,21443086
4643,United States,Government,Phishing,2022,9.3,10459277
4644,France,Government,Phishing,2018,1.14,30548532
4645,China,Healthcare,Data Breach,2018,5.99,8536441
4646,China,Government,Data Breach,2022,6.6,12417959
4647,United States,Energy,DDoS,2023,5.6,25460901
4648,India,Manufacturing,Data Breach,2021,1.81,1119916
4649,United States,Technology,Phishing,2024,9.79,33537119
4650,Russia,Technology,Ransomware,2023,1.33,5169049
4651,China,Manufacturing,Phishing,2023,0.75,37526901
4652,United States,Retail,Phishing,2021,6.19,21327354
4653,Germany,Healthcare,Phishing,2019,3.4,16772568
4654,China,Retail,SQL Injection,2023,9.01,31281848
4655,Russia,Energy,Phishing,2021,2.68,36780782
4656,India,Healthcare,Man-in-the-Middle,2024,1.33,2471050
4657,Russia,Telecommunications,Zero-Day Exploit,2020,8.65,8789884
4658,China,Technology,Phishing,2024,4.08,43014178
4659,China,Retail,Ransomware,2015,1.44,1043523
4660,China,Healthcare,SQL Injection,2023,6.23,8315408
4661,United States,Education,Data Breach,2023,3.72,46226396
4662,United States,Finance,Ransomware,2024,4.67,34272416
4663,India,Energy,Phishing,2018,3.28,4609735
4664,United States,Telecommunications,DDoS,2017,8.44,19576261
4665,Russia,Government,Credential Stuffing,2024,8.46,19880239
4666,United States,Energy,Data Breach,2019,6.06,9254504
4667,Russia,Finance,Data Breach,2022,1.0,28119585
4668,France,Transportation,Zero-Day Exploit,2019,8.71,40170775
4669,United States,Retail,Ransomware,2023,5.5,41170019
4670,United States,Transportation,Data Breach,2018,5.87,36692409
4671,India,Manufacturing,Data Breach,2024,2.53,4448488
4672,Russia,Retail,Supply Chain Attack,2017,10.01,24147879
4673,United Kingdom,Manufacturing,Supply Chain Attack,2020,6.32,27277664
4674,United States,Government,Phishing,2019,1.04,45924716
4675,United Kingdom,Transportation,Ransomware,2023,2.86,14823616
4676,Germany,Education,Phishing,2021,10.29,33203961
4677,China,Finance,Ransomware,2015,0.72,28473581
4678,United States,Retail,Ransomware,2024,15.15,1594675
4679,France,Manufacturing,DDoS,2021,5.62,46797901
4680,China,Government,Man-in-the-Middle,2017,4.99,39700192
4681,Australia,Government,Ransomware,2023,1.92,1732429
4682,United States,Telecommunications,Data Breach,2024,1.79,18172310
4683,United Kingdom,Finance,Data Breach,2020,13.32,21291373
4684,Russia,Healthcare,Ransomware,2024,2.09,18323873
4685,China,Education,Data Breach,2018,7.22,23862248
4686,China,Government,Phishing,2016,2.75,28251613
4687,India,Retail,Credential Stuffing,2022,1.17,21746217
4688,United States,Government,Ransomware,2017,0.55,29415714
4689,China,Government,Supply Chain Attack,2021,4.04,36755422
4690,Israel,Transportation,Data Breach,2023,17.24,29982
4691,United Kingdom,Technology,Supply Chain Attack,2022,2.57,36230050
4692,Saudi Arabia,Finance,Data Breach,2024,2.49,28108242
4693,Russia,Transportation,Phishing,2016,2.4,9675964
4694,United States,Education,Zero-Day Exploit,2016,3.81,31041822
4695,United States,Retail,Data Breach,2019,3.11,12757910
4696,Brazil,Government,Ransomware,2024,10.04,1398805
4697,United States,Healthcare,Phishing,2018,3.67,48540768
4698,China,Transportation,Ransomware,2024,3.69,39766247
4699,France,Retail,Ransomware,2021,1.17,40358859
4700,Japan,Retail,SQL Injection,2017,18.77,21594846
4701,United States,Finance,Data Breach,2017,1.79,23711379
4702,United States,Finance,Phishing,2022,0.84,14709526
4703,Italy,Technology,Ransomware,2023,5.4,40266519
4704,South Korea,Healthcare,Data Breach,2022,4.57,38152109
4705,Japan,Healthcare,SQL Injection,2021,2.91,45331589
4706,Brazil,Finance,Zero-Day Exploit,2022,2.97,42772487
4707,United States,Retail,DDoS,2020,7.42,5132969
4708,Germany,Healthcare,Ransomware,2023,1.48,25855441
4709,United States,Finance,Phishing,2017,8.22,8762227
4710,Russia,Government,DDoS,2022,5.21,41036958
4711,United States,Retail,SQL Injection,2020,2.94,41488664
4712,United States,Healthcare,Phishing,2024,3.26,48705654
4713,India,Finance,Zero-Day Exploit,2023,1.83,7112005
4714,United States,Government,Data Breach,2024,6.78,30203452
4715,India,Finance,Phishing,2022,3.74,13859796
4716,China,Technology,Phishing,2022,2.24,1038004
4717,Russia,Retail,Zero-Day Exploit,2023,4.58,5634322
4718,Germany,Energy,Ransomware,2016,25.06,16381642
4719,United States,Healthcare,Credential Stuffing,2021,3.07,16654489
4720,Germany,Healthcare,Man-in-the-Middle,2016,11.9,23165722
4721,United States,Finance,Phishing,2022,2.4,37923778
4722,India,Telecommunications,Insider Threat,2023,0.75,9972160
4723,United Kingdom,Finance,DDoS,2022,1.53,31326750
4724,United States,Education,Phishing,2023,2.94,42834852
4725,United States,Healthcare,Zero-Day Exploit,2019,1.62,15176359
4726,China,Finance,Zero-Day Exploit,2020,0.5,43986559
4727,France,Government,Credential Stuffing,2015,11.59,24420213
4728,United Kingdom,Government,Ransomware,2017,8.86,48927101
4729,United States,Technology,DDoS,2018,6.6,8661451
4730,United Kingdom,Retail,Phishing,2020,1.33,25500662
4731,United States,Government,SQL Injection,2018,1.08,6767514
4732,China,Transportation,Phishing,2021,0.81,13315802
4733,China,Healthcare,SQL Injection,2023,6.29,14933020
4734,Japan,Finance,Phishing,2015,12.39,29644521
4735,United Kingdom,Finance,Supply Chain Attack,2024,3.03,7013483
4736,Japan,Finance,Credential Stuffing,2021,1.07,45230148
4737,United States,Education,Ransomware,2022,3.73,39168590
4738,Japan,Retail,Ransomware,2023,2.43,38977976
4739,United Kingdom,Finance,Phishing,2021,2.61,40915515
4740,China,Education,DDoS,2015,4.87,4374396
4741,China,Retail,Phishing,2017,6.21,38319890
4742,Ukraine,Finance,Phishing,2021,1.03,29155098
4743,United States,Healthcare,Data Breach,2023,0.66,7782734
4744,China,Education,Man-in-the-Middle,2023,23.78,27874486
4745,Japan,Finance,Data Breach,2021,1.69,21767360
4746,India,Healthcare,Credential Stuffing,2024,0.75,49080280
4747,United States,Education,Zero-Day Exploit,2017,1.45,32469915
4748,Russia,Retail,Zero-Day Exploit,2015,0.68,28394863
4749,Russia,Education,Phishing,2022,2.74,37121540
4750,South Korea,Government,Data Breach,2017,7.8,34001627
4751,United States,Manufacturing,Data Breach,2022,2.38,28438186
4752,China,Government,Ransomware,2024,3.14,6824564
4753,India,Healthcare,Insider Threat,2017,5.57,28747808
4754,China,Government,Phishing,2024,3.7,19478749
4755,China,Finance,Insider Threat,2022,9.39,9374687
4756,United States,Transportation,DDoS,2024,9.55,23378029
4757,China,Energy,Man-in-the-Middle,2022,0.54,17612674
4758,China,Government,Ransomware,2024,7.27,43735977
4759,United Kingdom,Government,SQL Injection,2019,3.28,18748788
4760,China,Government,Ransomware,2021,20.73,33056149
4761,Ukraine,Government,SQL Injection,2017,3.47,29564808
4762,Russia,Healthcare,Ransomware,2018,20.01,46712117
4763,Brazil,Education,Credential Stuffing,2019,6.82,17856545
4764,United Kingdom,Transportation,Phishing,2018,1.79,12012372
4765,Canada,Government,Credential Stuffing,2021,3.98,30010329
4766,Canada,Energy,Phishing,2020,22.3,17971763
4767,Brazil,Retail,Zero-Day Exploit,2024,9.27,33221419
4768,United States,Finance,Phishing,2024,0.96,23317307
4769,India,Finance,Man-in-the-Middle,2015,6.01,18365232
4770,China,Education,Phishing,2023,2.41,35788800
4771,United States,Healthcare,Phishing,2021,0.53,6442499
4772,Canada,Education,SQL Injection,2022,2.82,19380403
4773,United Kingdom,Education,DDoS,2023,1.7,14569326
4774,United States,Finance,Phishing,2020,8.19,16274409
4775,China,Energy,Ransomware,2020,2.35,12207070
4776,Netherlands,Government,Ransomware,2024,8.41,4961926
4777,United Kingdom,Government,Ransomware,2021,0.5,38754180
4778,United Kingdom,Healthcare,Data Breach,2015,2.16,6636808
4779,China,Technology,Data Breach,2022,1.74,9672304
4780,China,Manufacturing,Zero-Day Exploit,2022,1.7,33604424
4781,United States,Government,Zero-Day Exploit,2019,0.82,23250365
4782,Singapore,Healthcare,Data Breach,2023,1.43,21849553
4783,Australia,Healthcare,Data Breach,2017,4.15,8734243
4784,China,Technology,Phishing,2024,2.05,40126052
4785,India,Retail,Data Breach,2024,2.93,36672645
4786,United States,Finance,Data Breach,2017,2.63,6060397
4787,United States,Healthcare,Phishing,2023,9.89,9171767
4788,India,Finance,Phishing,2020,11.11,46210971
4789,Brazil,Government,DDoS,2015,3.56,20069555
4790,Japan,Finance,Phishing,2024,2.3,915208
4791,China,Healthcare,Phishing,2022,1.01,32207360
4792,Germany,Energy,Credential Stuffing,2023,14.3,46966111
4793,India,Retail,Credential Stuffing,2021,0.78,19161588
4794,United States,Energy,Zero-Day Exploit,2023,2.09,32741267
4795,Mexico,Healthcare,Supply Chain Attack,2019,2.09,28132151
4796,Ukraine,Finance,Credential Stuffing,2022,2.24,1418451
4797,United States,Healthcare,Data Breach,2015,1.31,4918070
4798,South Korea,Energy,Data Breach,2023,7.38,3726813
4799,Australia,Education,Zero-Day Exploit,2022,1.09,42537810
4800,China,Finance,Phishing,2020,5.03,33734648
4801,India,Retail,DDoS,2020,1.09,29439392
4802,Italy,Technology,DDoS,2022,0.83,31910496
4803,United States,Finance,Data Breach,2018,11.31,21825561
4804,China,Finance,DDoS,2023,1.45,29483653
4805,Canada,Telecommunications,Data Breach,2024,8.25,16616298
4806,Germany,Healthcare,Credential Stuffing,2020,4.04,30798470
4807,France,Government,Credential Stuffing,2023,0.86,26394660
4808,Canada,Retail,Ransomware,2024,14.5,19080006
4809,Russia,Healthcare,Phishing,2017,1.78,15145596
4810,Russia,Healthcare,Man-in-the-Middle,2019,9.34,722253
4811,Russia,Retail,Insider Threat,2023,1.33,28778654
4812,South Korea,Healthcare,Ransomware,2023,9.16,3446110
4813,Canada,Healthcare,Ransomware,2024,0.56,49215410
4814,South Korea,Finance,Zero-Day Exploit,2023,3.73,48132281
4815,China,Government,Ransomware,2020,7.1,6493022
4816,France,Technology,Ransomware,2015,12.79,40870377
4817,United States,Government,Data Breach,2024,11.3,19346711
4818,United States,Healthcare,Supply Chain Attack,2018,8.21,3333051
4819,France,Healthcare,Phishing,2020,10.36,47821482
4820,United Kingdom,Government,Phishing,2024,1.5,311516
4821,China,Telecommunications,DDoS,2024,2.0,7129443
4822,India,Technology,SQL Injection,2022,2.03,13603681
4823,China,Technology,Phishing,2023,2.63,22612931
4824,China,Education,Phishing,2024,2.75,4924291
4825,Germany,Technology,Insider Threat,2017,4.04,13970840
4826,China,Retail,Ransomware,2023,1.28,12809313
4827,Germany,Technology,Zero-Day Exploit,2023,5.79,49192104
4828,Russia,Retail,DDoS,2022,1.33,34379297
4829,Russia,Government,Ransomware,2022,2.17,17684967
4830,India,Retail,Data Breach,2024,3.65,9782457
4831,Germany,Finance,Phishing,2022,7.66,22824262
4832,China,Technology,Phishing,2019,6.55,30272180
4833,Japan,Retail,Man-in-the-Middle,2023,5.17,23480021
4834,Russia,Finance,Ransomware,2021,1.26,17767707
4835,United States,Energy,Ransomware,2018,4.06,37803899
4836,United States,Education,Phishing,2015,0.91,23612400
4837,United States,Government,Ransomware,2024,2.63,587169
4838,France,Finance,Ransomware,2023,2.9,20724377
4839,United States,Retail,Data Breach,2022,0.68,2315238
4840,China,Transportation,Zero-Day Exploit,2023,1.94,49633672
4841,Russia,Education,Phishing,2023,14.52,40140774
4842,Germany,Retail,Data Breach,2019,14.32,29875746
4843,Israel,Government,Phishing,2018,2.45,549766
4844,France,Energy,DDoS,2017,0.7,3983127
4845,United States,Healthcare,DDoS,2020,1.39,41230394
4846,South Korea,Government,Man-in-the-Middle,2016,2.74,26332671
4847,Israel,Government,Data Breach,2021,13.79,41901663
4848,Japan,Healthcare,Zero-Day Exploit,2020,1.18,45827957
4849,Russia,Government,DDoS,2023,6.99,4783069
4850,China,Education,Ransomware,2021,1.02,28301316
4851,Russia,Healthcare,Zero-Day Exploit,2020,18.4,2059517
4852,China,Finance,Supply Chain Attack,2019,2.66,41352083
4853,Russia,Retail,Data Breach,2023,7.22,7794187
4854,United States,Manufacturing,Data Breach,2018,2.39,37742964
4855,Germany,Retail,Ransomware,2022,4.95,21587690
4856,China,Healthcare,DDoS,2024,1.46,18610076
4857,China,Manufacturing,Phishing,2024,1.21,30283224
4858,United Kingdom,Transportation,DDoS,2018,13.02,32103067
4859,Germany,Government,Ransomware,2021,11.74,49748226
4860,India,Energy,Supply Chain Attack,2016,10.33,31227550
4861,India,Finance,SQL Injection,2019,4.92,36093597
4862,Canada,Telecommunications,Credential Stuffing,2023,7.93,46732015
4863,France,Government,Phishing,2024,0.82,27322643
4864,India,Technology,Data Breach,2019,2.33,14989314
4865,Russia,Education,DDoS,2021,2.19,18803407
4866,Brazil,Government,Zero-Day Exploit,2019,5.04,31695158
4867,United States,Energy,Man-in-the-Middle,2024,2.48,12489389
4868,Mexico,Government,Data Breach,2021,1.22,3731722
4869,India,Healthcare,Zero-Day Exploit,2023,4.58,47467055
4870,China,Retail,Phishing,2022,8.08,24562679
4871,Germany,Government,Data Breach,2020,2.67,48860616
4872,India,Energy,DDoS,2024,1.14,9104787
4873,Russia,Finance,DDoS,2019,1.49,13595980
4874,United Kingdom,Energy,Man-in-the-Middle,2018,1.72,36642218
4875,United States,Technology,Ransomware,2019,2.1,954327
4876,China,Finance,SQL Injection,2023,5.13,12832477
4877,Russia,Energy,Ransomware,2024,4.63,44578606
4878,China,Finance,Ransomware,2017,5.86,30691370
4879,Brazil,Government,Zero-Day Exploit,2021,2.53,37627008
4880,Russia,Manufacturing,Ransomware,2016,8.32,46433069
4881,Russia,Retail,Ransomware,2021,1.53,45964480
4882,United Kingdom,Government,Phishing,2021,3.35,21605292
4883,United States,Government,Insider Threat,2023,7.76,36953031
4884,Russia,Retail,Data Breach,2017,1.39,33612563
4885,United States,Education,Phishing,2022,1.02,31334829
4886,Brazil,Transportation,DDoS,2023,10.18,41813814
4887,Russia,Technology,Credential Stuffing,2021,2.39,10306843
4888,Germany,Education,Ransomware,2016,5.68,2451650
4889,United States,Healthcare,Credential Stuffing,2020,0.62,2081652
4890,France,Finance,Ransomware,2017,5.77,32049900
4891,South Korea,Transportation,Ransomware,2023,2.21,46479812
4892,Germany,Government,DDoS,2022,0.76,31874053
4893,United States,Retail,Phishing,2023,4.74,31921168
4894,Russia,Government,Zero-Day Exploit,2023,1.74,30121019
4895,Russia,Healthcare,Ransomware,2021,2.7,31225196
4896,United States,Technology,Ransomware,2018,0.88,40865514
4897,India,Healthcare,Phishing,2020,1.22,17955958
4898,Germany,Healthcare,Credential Stuffing,2017,2.09,5381962
4899,United States,Healthcare,Phishing,2023,0.92,41534165
4900,Russia,Transportation,Man-in-the-Middle,2020,11.38,15233262
4901,China,Government,Data Breach,2023,0.53,11030240
4902,Germany,Energy,Phishing,2024,3.48,16210735
4903,Australia,Telecommunications,Data Breach,2023,1.09,10019677
4904,Brazil,Technology,Data Breach,2020,2.15,1734541
4905,Germany,Energy,Man-in-the-Middle,2021,12.22,29650927
4906,United States,Finance,DDoS,2017,1.29,44636514
4907,United States,Manufacturing,Data Breach,2020,15.69,41491640
4908,Russia,Finance,Credential Stuffing,2021,1.54,2960941
4909,China,Manufacturing,Data Breach,2015,6.59,24522389
4910,India,Energy,Insider Threat,2018,4.06,14115591
4911,China,Government,Man-in-the-Middle,2023,10.21,36147391
4912,France,Healthcare,Phishing,2021,4.13,7992488
4913,Russia,Retail,Supply Chain Attack,2020,3.94,22544520
4914,Italy,Healthcare,Ransomware,2023,1.48,24473440
4915,China,Technology,Phishing,2023,1.32,35473247
4916,China,Healthcare,Data Breach,2021,11.67,8880221
4917,France,Energy,Man-in-the-Middle,2024,2.29,35732422
4918,Australia,Retail,Insider Threat,2023,2.59,12918752
4919,India,Technology,Zero-Day Exploit,2021,6.92,16313099
4920,United Kingdom,Transportation,Phishing,2023,2.36,46268057
4921,United States,Finance,Phishing,2018,14.17,19952917
4922,Japan,Energy,Credential Stuffing,2021,6.53,1740684
4923,United States,Government,Credential Stuffing,2019,4.59,19994512
4924,Germany,Telecommunications,Zero-Day Exploit,2018,10.07,30173130
4925,Russia,Education,Data Breach,2015,0.73,45809357
4926,China,Finance,DDoS,2018,1.84,38805740
4927,France,Finance,Phishing,2021,3.32,23844579
4928,Russia,Government,SQL Injection,2023,1.66,25287097
4929,United Kingdom,Finance,Data Breach,2023,6.63,38999087
4930,United States,Finance,Ransomware,2021,11.82,34717028
4931,United States,Finance,Ransomware,2019,2.98,29007753
4932,United States,Technology,Phishing,2021,2.38,37706070
4933,United Kingdom,Technology,SQL Injection,2018,15.16,41330550
4934,China,Finance,Ransomware,2016,3.15,35659571
4935,Russia,Education,Man-in-the-Middle,2022,3.52,36674342
4936,Japan,Retail,Data Breach,2019,2.45,30433722
4937,India,Retail,Insider Threat,2023,11.31,34376461
4938,United States,Finance,Data Breach,2020,4.29,6647262
4939,Canada,Technology,Ransomware,2021,6.96,21687989
4940,China,Manufacturing,Phishing,2024,8.02,3772317
4941,India,Government,Data Breach,2024,2.38,48754933
4942,Russia,Government,Supply Chain Attack,2018,3.06,35582374
4943,Russia,Education,SQL Injection,2021,8.99,21989597
4944,United States,Healthcare,DDoS,2019,2.53,34288991
4945,India,Finance,Phishing,2016,7.61,7718842
4946,China,Energy,Man-in-the-Middle,2020,13.24,27553766
4947,India,Manufacturing,DDoS,2019,4.89,32496026
4948,United Kingdom,Retail,Data Breach,2015,6.59,2306748
4949,India,Education,Data Breach,2022,7.86,45560254
4950,Brazil,Technology,Supply Chain Attack,2020,8.89,25474634
4951,United States,Education,DDoS,2018,2.76,37458401
4952,United States,Government,Data Breach,2021,0.74,12665003
4953,United Kingdom,Government,Man-in-the-Middle,2016,2.81,16018897
4954,United States,Retail,Credential Stuffing,2023,5.54,36752392
4955,Japan,Education,SQL Injection,2018,3.19,10740929
4956,United Kingdom,Healthcare,Man-in-the-Middle,2019,6.72,33510872
4957,Japan,Healthcare,SQL Injection,2023,2.49,2780696
4958,China,Government,Zero-Day Exploit,2024,5.03,4040115
4959,Australia,Government,Zero-Day Exploit,2020,1.43,4870907
4960,United States,Healthcare,SQL Injection,2020,6.73,20854727
4961,Russia,Healthcare,Zero-Day Exploit,2017,4.05,49210826
4962,United States,Technology,Credential Stuffing,2022,1.53,6957138
4963,United Kingdom,Finance,Ransomware,2018,2.05,42920609
4964,United Kingdom,Healthcare,Data Breach,2021,6.71,22533473
4965,Germany,Finance,Ransomware,2023,3.47,43250729
4966,India,Retail,Zero-Day Exploit,2023,1.6,29162152
4967,France,Finance,Data Breach,2022,15.89,26631665
4968,United States,Finance,Data Breach,2020,6.15,7356248
4969,Russia,Transportation,Data Breach,2022,14.67,42649552
4970,India,Transportation,Ransomware,2015,3.01,16304397
4971,South Korea,Finance,Data Breach,2019,3.4,19578645
4972,United States,Energy,Phishing,2024,10.77,33395488
4973,China,Healthcare,Zero-Day Exploit,2021,3.85,40079970
4974,China,Manufacturing,Credential Stuffing,2020,6.03,14370151
4975,China,Transportation,Data Breach,2022,1.81,14885547
4976,United States,Healthcare,Man-in-the-Middle,2018,3.16,8577582
4977,Russia,Education,Credential Stuffing,2022,1.09,30980724
4978,India,Technology,Supply Chain Attack,2023,1.54,40777685
4979,China,Transportation,Credential Stuffing,2023,0.5,16414876
4980,United States,Education,Ransomware,2019,0.68,38988494
4981,Germany,Government,Man-in-the-Middle,2020,17.53,31671187
4982,China,Healthcare,Man-in-the-Middle,2015,1.75,32702479
4983,India,Energy,Phishing,2021,5.4,34028350
4984,India,Healthcare,Zero-Day Exploit,2023,8.72,47467059
4985,Germany,Government,Zero-Day Exploit,2023,4.1,20660740
4986,United Kingdom,Manufacturing,DDoS,2021,1.25,12825730
4987,United States,Finance,Data Breach,2022,6.36,6766799
4988,Germany,Healthcare,Supply Chain Attack,2023,4.63,18502149
4989,United Kingdom,Finance,Ransomware,2024,6.41,25753295
4990,Israel,Finance,Data Breach,2019,7.11,8193521
4991,Russia,Finance,Ransomware,2023,17.17,39419251
4992,Germany,Energy,Data Breach,2020,4.34,10302222
4993,South Korea,Healthcare,Ransomware,2019,2.38,25828567
4994,Israel,Education,SQL Injection,2015,5.2,37318572
4995,China,Energy,DDoS,2018,0.82,22888109
4996,United Kingdom,Transportation,DDoS,2022,10.75,6553955
4997,China,Retail,Credential Stuffing,2019,1.07,42150767
4998,India,Manufacturing,SQL Injection,2021,2.29,22559971
4999,Saudi Arabia,Finance,Ransomware,2023,8.11,20423593
5000,China,Healthcare,Phishing,2021,4.59,18369526
